"TimeSeriesID","Year","Latitude","Longitude","Country","growth_rate","logval_prev","temp_prev","precip_prev","extTemp_prev","extPrecip_prev"
"G8647",1993,43.24452,6.000062518,"FRA",0.516960612333507,4.17438726989564,18.6374025021746,736.51647567749,37,22
"G8647",1994,43.24452,6.000062518,"FRA",-0.516960612333507,4.69134788222914,18.3507373966583,834.896087646484,28,18
"G8647",1995,43.24452,6.000062518,"FRA",1.66915714713572,4.17438726989564,19.2790378100251,813.493728637695,51,19
"G8647",1996,43.24452,6.000062518,"FRA",-0.731556628674817,5.84354441703136,18.6741756909514,656.186580657959,35,14
"G8647",1997,43.24452,6.000062518,"FRA",-0.516867938221954,5.11198778835654,17.8229010576759,1034.49153900146,15,28
"G8647",1998,43.24452,6.000062518,"FRA",1.18870533219515,4.59511985013459,19.5825923553885,563.057661056518,52,16
"G8647",1999,43.24452,6.000062518,"FRA",0.143100843640673,5.78382518232974,19.0111900852151,523.64993095398,44,14
"G8647",2000,43.24452,6.000062518,"FRA",0.712949807856125,5.92692602597041,19.077800635769,773.177623748779,38,20
"G8647",2001,43.24452,6.000062518,"FRA",-1.22377543162212,6.63987583382654,19.2397866421058,812.440156936646,37,23
"G8647",2002,43.24452,6.000062518,"FRA",0.317240874693326,5.41610040220442,19.3911917490502,554.687023162842,56,14
"G8647",2003,43.24452,6.000062518,"FRA",-0.0985516737284966,5.73334127689775,19.3926087261879,872.840404510498,44,26
"G8647",2004,43.24452,6.000062518,"FRA",0.256854608656522,5.63478960316925,19.7291938259177,637.861013412476,77,11
"G8647",2005,43.24452,6.000062518,"FRA",0.425520474921512,5.89164421182577,19.2574967598003,546.415567398071,49,12
"G8647",2006,43.24452,6.000062518,"FRA",-1.11866765548146,6.31716468674728,19.0691305918236,498.563528060913,48,10
"G8647",2007,43.24452,6.000062518,"FRA",-0.129592829045595,5.19849703126583,20.0680737639127,492.938995361328,62,13
"G8647",2008,43.24452,6.000062518,"FRA",-0.156249316484179,5.06890420222023,20.0671763798962,432.887554168701,79,10
"G8647",2009,43.24452,6.000062518,"FRA",-0.595166772199742,4.91265488573605,19.1188990108302,874.773263931275,37,21
"G8647",2010,43.24452,6.000062518,"FRA",0.659245628884264,4.31748811353631,19.5313203994542,814.381122589111,50,21
"G8647",2011,43.24452,6.000062518,"FRA",-0.156452176815537,4.97673374242057,18.144179670778,883.197069168091,14,20
"G8647",2012,43.24452,6.000062518,"FRA",1.07961578797745,4.82028156560504,19.7457708071356,823.129653930664,64,19
"G8647",2013,43.24452,6.000062518,"FRA",-0.286769247194421,5.89989735358249,19.6256112937719,680.689096450806,74,16
"G8647",2014,43.24452,6.000062518,"FRA",-1.11331843605781,5.61312810638807,19.0214217930624,857.608795166016,40,23
"G8647",2015,43.24452,6.000062518,"FRA",1.11696142733631,4.49980967033027,19.9291049905019,1060.82010269165,60,29
"G8647",2016,43.24452,6.000062518,"FRA",-0.0993182012018643,5.61677109766657,20.2020051721024,567.513465881348,79,15
"G8647",2017,43.24452,6.000062518,"FRA",0.169522459875113,5.51745289646471,20.0690253669447,626.796245574951,64,15
"G8637",1993,44.26627,6.275183589,"FRA",1.3710268889891,3.49650756146648,12.7754091189859,1130.86414337158,45,26
"G8637",1994,44.26627,6.275183589,"FRA",0.400323708607746,4.86753445045558,12.5960641103248,1061.47980690002,46,22
"G8637",1995,44.26627,6.275183589,"FRA",-1.48366852514507,5.26785815906333,13.4576908895414,1095.87669372559,57,22
"G8637",1996,44.26627,6.275183589,"FRA",0.167054084663167,3.78418963391826,12.2112665045751,1104.23374176025,32,19
"G8637",1997,44.26627,6.275183589,"FRA",-0.655406852577098,3.95124371858143,11.5579088388245,1238.6200428009,18,26
"G8637",1998,44.26627,6.275183589,"FRA",1.08618976866955,3.29583686600433,13.3289276541096,869.319677352905,39,20
"G8637",1999,44.26627,6.275183589,"FRA",0.49317068852727,4.38202663467388,12.9473435911414,787.778854370117,52,21
"G8637",2000,44.26627,6.275183589,"FRA",-0.468478075936898,4.87519732320115,12.3325680249358,1015.09833335876,25,21
"G8637",2001,44.26627,6.275183589,"FRA",-0.158224005214894,4.40671924726425,13.0311006473062,1197.50094413757,36,26
"G8637",2002,44.26627,6.275183589,"FRA",1.18958406687384,4.24849524204936,13.421780771752,924.160718917847,47,20
"G8637",2003,44.26627,6.275183589,"FRA",0.445243079565083,5.4380793089232,13.5662147835509,1043.25795173645,50,24
"G8637",2004,44.26627,6.275183589,"FRA",-0.545784308786961,5.88332238848828,13.5796266738683,770.521879196167,72,12
"G8637",2005,44.26627,6.275183589,"FRA",-0.470003629245736,5.33753807970132,12.9449285121563,793.806076049805,42,13
"G8637",2006,44.26627,6.275183589,"FRA",-0.367724780125317,4.86753445045558,13.4070108492081,625.202417373657,65,11
"G8637",2007,44.26627,6.275183589,"FRA",0.504136635615194,4.49980967033027,14.2351171206122,791.44811630249,68,15
"G8637",2008,44.26627,6.275183589,"FRA",-0.128748982744308,5.00394630594546,14.055363443453,765.413284301758,80,14
"G8637",2009,44.26627,6.275183589,"FRA",-0.342597830047895,4.87519732320115,13.3259713678412,1098.51479530334,49,23
"G8637",2010,44.26627,6.275183589,"FRA",-0.150572858479375,4.53259949315326,14.1167734642552,875.041723251343,81,22
"G8637",2011,44.26627,6.275183589,"FRA",0.46216045178471,4.38202663467388,11.698186127127,1082.67951011658,10,18
"G8637",2012,44.26627,6.275183589,"FRA",-0.46216045178471,4.84418708645859,14.345273454222,848.122358322143,87,15
"G8637",2013,44.26627,6.275183589,"FRA",-0.885519073207401,4.38202663467388,14.3031346305472,878.555536270142,103,20
"G8637",2014,44.26627,6.275183589,"FRA",0.287682072451781,3.49650756146648,13.0715718308541,1156.62217140198,55,32
"G8637",2015,44.26627,6.275183589,"FRA",0.800777844752311,3.78418963391826,14.1570997682336,1091.09115600586,73,24
"G8637",2016,44.26627,6.275183589,"FRA",0.251314428280906,4.58496747867057,14.9761082479399,795.427322387695,123,21
"G8637",2017,44.26627,6.275183589,"FRA",0.367724780125317,4.83628190695148,14.2984989187105,1008.14867019653,72,19
"G7358",1991,48.69012,-0.744099437,"FRA",-0.0939318198342036,4.97673374242057,14.5538006090138,831.804037094116,52,17
"G7358",1992,48.69012,-0.744099437,"FRA",-0.0307716586667537,4.88280192258637,12.9367034076011,704.882621765137,30,9
"G7358",1993,48.69012,-0.744099437,"FRA",0.0679506619085082,4.85203026391962,13.4574662755748,845.589399337769,26,15
"G7358",1994,48.69012,-0.744099437,"FRA",0.289505227013296,4.91998092582813,13.1508399022769,902.65679359436,28,22
"G7358",1995,48.69012,-0.744099437,"FRA",0.00544960476756451,5.20948615284142,14.2498381732261,1163.39159011841,37,29
"G7358",1996,48.69012,-0.744099437,"FRA",0.465236851408082,5.21493575760899,14.313295254642,994.729995727539,55,30
"G7358",1997,48.69012,-0.744099437,"FRA",-0.092923950616818,5.68017260901707,13.0028628406629,730.955839157105,27,16
"G7358",1998,48.69012,-0.744099437,"FRA",-0.58330235245479,5.58724865840025,14.4782085261933,909.409999847412,45,25
"G7358",1999,48.69012,-0.744099437,"FRA",0.279257422792529,5.00394630594546,13.7657821446249,978.016376495361,38,19
"G7358",2000,48.69012,-0.744099437,"FRA",-0.44692182178651,5.28320372873799,14.4486917156063,1191.63393974304,29,30
"G7358",2001,48.69012,-0.744099437,"FRA",0.232622295268754,4.83628190695148,13.9426370672841,1196.53630256653,28,31
"G7358",2002,48.69012,-0.744099437,"FRA",-0.0921704597996573,5.06890420222023,13.9260450807336,1154.63829040527,34,30
"G7358",2003,48.69012,-0.744099437,"FRA",0.0731222648289629,4.97673374242057,14.2750276330399,1019.62685585022,35,27
"G7358",2004,48.69012,-0.744099437,"FRA",-0.0194180858571018,5.04985600724954,14.961838479238,774.264335632324,58,19
"G7358",2005,48.69012,-0.744099437,"FRA",0.00651468102119424,5.03043792139244,13.9704811471408,828.506231307983,37,16
"G7358",2006,48.69012,-0.744099437,"FRA",-0.249460859631584,5.03695260241363,14.2769124488308,782.567262649536,53,16
"G7358",2007,48.69012,-0.744099437,"FRA",-0.162518929497775,4.78749174278205,14.3810397213453,933.912754058838,48,19
"G7358",2008,48.69012,-0.744099437,"FRA",-0.206132205487672,4.62497281328427,14.2285685500053,996.088743209839,46,25
"G7358",2009,48.69012,-0.744099437,"FRA",-0.0621317811070066,4.4188406077966,13.8366824957842,969.932079315186,33,17
"G7358",2010,48.69012,-0.744099437,"FRA",-0.152016207298626,4.35670882668959,14.0472029594526,900.813579559326,34,24
"G7358",2011,48.69012,-0.744099437,"FRA",0.540239508972284,4.20469261939097,13.1240342649695,774.916648864746,26,13
"G7358",2012,48.69012,-0.744099437,"FRA",-0.350482973690811,4.74493212836325,15.0081222325155,761.425018310547,61,18
"G7358",2013,48.69012,-0.744099437,"FRA",-0.160342650075179,4.39444915467244,13.7146588351557,987.04719543457,34,24
"G7358",2014,48.69012,-0.744099437,"FRA",0.371063681390832,4.23410650459726,13.6064184319483,980.891942977905,28,19
"G7343",1990,49.61343,-1.40407644,"FRA",0.271933715483641,3.87120101090789,14.8105115080533,619.357585906982,65,17
"G7343",1991,49.61343,-1.40407644,"FRA",-0.0826917158451135,4.14313472639153,14.6896706777076,724.915266036987,63,21
"G7343",1992,49.61343,-1.40407644,"FRA",-0.0173917427118688,4.06044301054642,13.0527203285531,614.817142486572,22,16
"G7343",1993,49.61343,-1.40407644,"FRA",0,4.04305126783455,13.5856973033134,737.25175857544,26,20
"G7343",1994,49.61343,-1.40407644,"FRA",0.100083458556982,4.04305126783455,13.2036188413019,863.465547561646,25,29
"G7343",1995,49.61343,-1.40407644,"FRA",0.226313126075489,4.14313472639153,14.1722257849288,986.535549163818,38,26
"G7343",1996,49.61343,-1.40407644,"FRA",0.293991241645045,4.36944785246702,14.3623387166899,833.483219146729,46,30
"G7343",1997,49.61343,-1.40407644,"FRA",-0.0384662808277962,4.66343909411207,13.1388101880016,673.959493637085,27,16
"G7343",1998,49.61343,-1.40407644,"FRA",-0.497838428239179,4.62497281328427,14.2157596953928,756.056547164917,39,23
"G7343",1999,49.61343,-1.40407644,"FRA",0.350202429433115,4.12713438504509,13.928565289223,868.526697158814,39,24
"G7343",2000,49.61343,-1.40407644,"FRA",-0.30294954458257,4.47733681447821,14.5576421450262,947.725772857666,40,26
"G7343",2001,49.61343,-1.40407644,"FRA",0.325422400434628,4.17438726989564,14.0309012407814,1030.04193305969,27,32
"G7343",2002,49.61343,-1.40407644,"FRA",-0.439366659783846,4.49980967033027,14.0490040400257,933.897972106933,35,32
"G7343",2003,49.61343,-1.40407644,"FRA",-1.17007125265025,4.06044301054642,14.4116577984536,906.222105026245,39,31
"G7343",2004,49.61343,-1.40407644,"FRA",1.51634748936809,2.89037175789616,14.6212531938945,703.455209732056,61,21
"G7343",2005,49.61343,-1.40407644,"FRA",0.047628048989254,4.40671924726425,14.1387068368047,769.763231277466,48,20
"G7343",2006,49.61343,-1.40407644,"FRA",-0.393904285707088,4.45434729625351,14.3521384461285,666.40305519104,51,13
"G7343",2007,49.61343,-1.40407644,"FRA",-0.128617377822093,4.06044301054642,14.4043955763725,831.642627716064,59,24
"G7343",2008,49.61343,-1.40407644,"FRA",0.462623521948113,3.93182563272433,14.3637246745907,814.060926437378,40,22
"G7343",2009,49.61343,-1.40407644,"FRA",0.159427736928102,4.39444915467244,13.9916735206145,868.40558052063,31,24
"G7343",2010,49.61343,-1.40407644,"FRA",0.1735109271118,4.55387689160054,14.038293122592,842.85306930542,30,23
"G7343",2011,49.61343,-1.40407644,"FRA",0.402510896210733,4.72738781871234,13.1338145216851,807.422161102295,21,26
"G7343",2012,49.61343,-1.40407644,"FRA",-0.555187736419691,5.12989871492307,14.7522225575904,650.427341461182,58,18
"G7343",2013,49.61343,-1.40407644,"FRA",0.0502618347808879,4.57471097850338,13.7144745206572,942.278146743774,35,34
"G7343",2014,49.61343,-1.40407644,"FRA",-0.159064694629687,4.62497281328427,13.5390913035772,832.47971534729,29,21
"G7343",2015,49.61343,-1.40407644,"FRA",-0.023256862164267,4.46590811865458,15.0187890039731,972.144603729248,47,30
"G7343",2016,49.61343,-1.40407644,"FRA",-0.152191815341926,4.44265125649032,14.5132011100037,762.200117111206,58,22
"G7343",2017,49.61343,-1.40407644,"FRA",-1.34602046198195,4.29045944114839,14.2334960603974,795.84264755249,34,22
"G2961",2002,53.96543,-2.439225251,"GBR",-0.036400334058261,0.818016162605815,11.4433760133508,1153.49078178406,31,19
"G2961",2003,53.96543,-2.439225251,"GBR",-0.654102508248594,0.781615828547554,11.913374683955,1476.56536102295,33,32
"G2961",2004,53.96543,-2.439225251,"GBR",0.92050718225309,0.12751332029896,12.2740664129388,1128.03673744202,46,22
"G2961",2005,53.96543,-2.439225251,"GBR",-0.274676779997828,1.04802050255205,11.8523976727262,1425.85515975952,25,28
"G2961",2006,53.96543,-2.439225251,"GBR",-0.353975709277066,0.773343722554222,11.9831801323042,1181.97751045227,45,20
"G2961",2007,53.96543,-2.439225251,"GBR",-0.036830409812696,0.419368013277156,12.3584737281277,1368.95537376404,55,28
"G2961",2008,53.96543,-2.439225251,"GBR",0.165005603236694,0.38253760346446,12.1848710987666,1327.85844802856,35,35
"G2961",2009,53.96543,-2.439225251,"GBR",0.312811892842698,0.547543206701154,11.608270513816,1520.76077461243,29,31
"G2961",2010,53.96543,-2.439225251,"GBR",-0.0718977391795814,0.860355099543852,11.6810426894933,1318.35389137268,29,21
"G2961",2011,53.96543,-2.439225251,"GBR",-0.281037529733112,0.78845736036427,10.6823694098486,968.973636627197,12,14
"G2961",2012,53.96543,-2.439225251,"GBR",0.23451751409822,0.507419830631158,12.2846494491786,1293.32661628723,55,16
"G2961",2013,53.96543,-2.439225251,"GBR",1.015920572823,0.741937344729377,11.3310032662147,1626.49154663086,30,35
"G2961",2014,53.96543,-2.439225251,"GBR",-0.279896367906659,1.75785791755237,11.2654314433059,1164.30687904358,28,18
"G2961",2015,53.96543,-2.439225251,"GBR",-0.303932621692851,1.47796154964571,12.5681931587115,1369.948387146,31,23
"G2961",2016,53.96543,-2.439225251,"GBR",-0.623021514554042,1.17402892795286,11.9516061861221,1548.22301864624,52,35
"G2961",2017,53.96543,-2.439225251,"GBR",0.39949148980507,0.551007413398822,11.9915062576044,1247.77412414551,39,25
"G2961",2018,53.96543,-2.439225251,"GBR",0.0578239141167569,0.950498903203892,12.0746287306694,1304.40449714661,34,22
"G10556",1989,57.16585,12.74852,"SWE",0.44558510189759,2.43361335540045,10.2775216274574,1117.61856079102,23,31
"G10556",1990,57.16585,12.74852,"SWE",-0.240141127682781,2.87919845729804,11.4867213837088,809.100151062012,69,18
"G10556",1991,57.16585,12.74852,"SWE",0.0487901641694322,2.63905732961526,11.3422012538126,1113.7216091156,71,25
"G10556",1992,57.16585,12.74852,"SWE",-0.536085290525229,2.68784749378469,10.2728977569162,833.860397338867,30,19
"G10556",1993,57.16585,12.74852,"SWE",0.465633629574617,2.15176220325946,10.9260330450339,908.857583999634,49,24
"G10556",1994,57.16585,12.74852,"SWE",-0.175048797464875,2.61739583283408,9.87294591616279,962.728023529053,38,15
"G10556",1995,57.16585,12.74852,"SWE",-0.00873367996875452,2.4423470353692,10.7113473970596,1052.2825717926,46,28
"G10556",1996,57.16585,12.74852,"SWE",0.591677720395086,2.43361335540045,10.3562085713426,956.747055053711,40,30
"G10556",1997,57.16585,12.74852,"SWE",0.161061557367105,3.02529107579554,9.15292973752883,757.174730300903,25,18
"G10556",1998,57.16585,12.74852,"SWE",0.28250339697333,3.18635263316264,10.5757266527986,821.755409240723,33,21
"G10556",1999,57.16585,12.74852,"SWE",-0.618149528632237,3.46885603013597,9.6490801249465,1169.9047088623,28,33
"G10556",2000,57.16585,12.74852,"SWE",-0.011628037995119,2.85070650150373,10.7903885932818,1209.10096168518,50,39
"G10556",2001,57.16585,12.74852,"SWE",-0.710846757659346,2.83907846350861,11.2628215352043,1088.66739273071,58,33
"G10556",2002,57.16585,12.74852,"SWE",0.0800427076735364,2.12823170584927,10.0518544654324,912.390470504761,28,21
"G10556",2003,57.16585,12.74852,"SWE",-0.306166887125884,2.2082744135228,11.0135356328259,977.645874023438,60,26
"G10556",2004,57.16585,12.74852,"SWE",0.907295168965577,1.90210752639692,10.7941280835296,862.977504730225,47,19
"G10556",2005,57.16585,12.74852,"SWE",-0.657640492103036,2.8094026953625,10.5293420927121,1077.15702056885,35,21
"G10556",2006,57.16585,12.74852,"SWE",0.873528872536073,2.15176220325946,10.8430355960376,905.475616455078,60,19
"G10556",2007,57.16585,12.74852,"SWE",-1.12318354939861,3.02529107579554,11.2838418620907,1134.08470153809,75,32
"G10556",2008,57.16585,12.74852,"SWE",0.249654676862541,1.90210752639692,11.2544016798882,1159.21974182129,60,28
"G10556",2009,57.16585,12.74852,"SWE",0.237000585975636,2.15176220325946,11.3495693352705,1132.88116455078,57,26
"G10556",2010,57.16585,12.74852,"SWE",-0.501693140202718,2.3887627892351,10.7355932366358,940.060615539551,41,23
"G10556",2011,57.16585,12.74852,"SWE",0.654532344432166,1.88706964903238,8.76180996829518,933.194637298584,12,24
"G10556",2012,57.16585,12.74852,"SWE",0.0386148361277794,2.54160199346455,11.0421080706871,1104.73275184631,47,25
"G10556",2013,57.16585,12.74852,"SWE",-0.500775287912489,2.58021682959233,9.90228328183702,1214.8585319519,32,34
"G10556",2014,57.16585,12.74852,"SWE",0.993251773010284,2.07944154167984,10.6250446476349,860.624313354492,35,14
"G10556",2015,57.16585,12.74852,"SWE",-0.492476485097794,3.07269331469012,11.997131013217,1136.2898349762,62,27
"G10556",2016,57.16585,12.74852,"SWE",0.755552746747375,2.58021682959233,11.0666650641455,1127.85124778748,57,34
"G10556",2017,57.16585,12.74852,"SWE",0.0141345109349049,3.3357695763397,11.0334367428973,895.973205566406,55,16
"G10556",2018,57.16585,12.74852,"SWE",0.746105754266557,3.3499040872746,10.7259512705346,1095.91436386108,33,27
"G11473",1981,58.90116,11.44062,"SWE",-0.462969602588356,4.91265488573605,9.2655170878426,890.358209609985,28,20
"G11473",1982,58.90116,11.44062,"SWE",-0.527711946866382,4.4496852831477,8.89950611689322,866.371393203735,27,22
"G11473",1983,58.90116,11.44062,"SWE",-0.795212800320919,3.92197333628131,9.97657010849208,945.531129837036,34,22
"G11473",1984,58.90116,11.44062,"SWE",0.240535294026079,3.1267605359604,10.5345281313543,788.738012313843,46,20
"G11473",1985,58.90116,11.44062,"SWE",-0.757226037244468,3.36729582998647,9.96583330331606,938.551425933838,19,23
"G11473",1986,58.90116,11.44062,"SWE",0.318453731118534,2.61006979274201,7.87522620632225,968.782186508179,14,29
"G11473",1987,58.90116,11.44062,"SWE",0.837316971389524,2.92852352386054,8.9753980662725,862.267255783081,24,21
"G11473",1988,58.90116,11.44062,"SWE",0.154150679827258,3.76584049525006,7.95781914697936,912.552833557129,11,25
"G11473",1989,58.90116,11.44062,"SWE",0.556208629613809,3.91999117507732,10.1504601900695,1075.89912414551,31,37
"G11473",1990,58.90116,11.44062,"SWE",-0.438425593957425,4.47619980469113,11.3850854324968,770.211219787598,74,17
"G11473",1991,58.90116,11.44062,"SWE",0.345501643340607,4.03777421073371,11.386949304032,881.528854370117,71,24
"G11473",1992,58.90116,11.44062,"SWE",-0.265866018921217,4.38327585407431,10.3619216709921,724.344730377197,27,20
"G11473",1993,58.90116,11.44062,"SWE",-0.133996833638277,4.1174098351531,10.7993213507647,746.72532081604,56,17
"G11473",1994,58.90116,11.44062,"SWE",-1.05488947765428,3.98341300151482,9.68045503799232,732.650756835938,37,15
"G11473",1995,58.90116,11.44062,"SWE",-0.16851358382762,2.92852352386054,10.2786565493231,780.986547470093,43,16
"G11473",1996,58.90116,11.44062,"SWE",0.478668512131459,2.76000994003292,10.1406021745238,835.31665802002,47,21
"G11473",1997,58.90116,11.44062,"SWE",0.380314874485389,3.23867845216438,9.13966826558768,648.350954055786,28,13
"G11473",1998,58.90116,11.44062,"SWE",-0.237998652305134,3.61899332664977,10.8101501046795,720.788955688477,52,18
"G11473",1999,58.90116,11.44062,"SWE",0.677722710234314,3.38099467434464,9.62636100037458,919.680833816528,39,22
"G11473",2000,58.90116,11.44062,"SWE",-0.712328239411789,4.05871738457895,10.4838554068788,1162.24670410156,49,32
"G11473",2001,58.90116,11.44062,"SWE",0.435525174913965,3.34638914516716,11.1214121250507,1164.12019729614,55,33
"G11473",2002,58.90116,11.44062,"SWE",-0.282381037698108,3.78191432008113,9.7872615030367,828.900814056396,30,19
"G11473",2003,58.90116,11.44062,"SWE",-0.684124562960308,3.49953328238302,10.7742934135542,838.635683059692,70,18
"G11473",2004,58.90116,11.44062,"SWE",0.491477982768205,2.81540871942271,10.6997001334413,824.618577957153,53,20
"G11473",2005,58.90116,11.44062,"SWE",-0.262364264467491,3.30688670219091,10.618378919591,950.557470321655,41,26
"G11473",2006,58.90116,11.44062,"SWE",-0.479573080261886,3.04452243772342,10.9399830857369,749.672889709473,65,15
"G11473",2007,58.90116,11.44062,"SWE",1.36491356609494,2.56494935746154,11.1385019798802,1088.98186683655,76,33
"G11473",2008,58.90116,11.44062,"SWE",-0.980174588503893,3.92986292355648,11.0161055055383,964.727163314819,62,30
"G11473",2009,58.90116,11.44062,"SWE",0.797460027185328,2.94968833505258,11.2183002242625,1029.03389930725,72,31
"G11473",2010,58.90116,11.44062,"SWE",-0.316392178334213,3.74714836223791,10.077514021364,942.268371582031,38,28
"G11473",2011,58.90116,11.44062,"SWE",0.155536681435136,3.4307561839037,7.98309255103546,775.784492492676,8,14
"G11473",2012,58.90116,11.44062,"SWE",0.0617645942548459,3.58629286533884,10.8647817115261,1021.8391418457,54,34
"G11473",2013,58.90116,11.44062,"SWE",-0.575364144903562,3.64805745959368,9.8613553323381,1086.04145050049,38,29
"G11473",2014,58.90116,11.44062,"SWE",-0.674798041891749,3.07269331469012,10.3741381501498,849.19548034668,37,23
"G11473",2015,58.90116,11.44062,"SWE",1.16881654734136,2.39789527279837,11.6486183061992,1169.30961608887,60,32
"G11473",2016,58.90116,11.44062,"SWE",-1.75842304896046,3.56671182013973,11.0420543095837,993.616580963135,59,28
"G11473",2017,58.90116,11.44062,"SWE",0.331777392317005,1.80828877117927,10.70489408566,751.506328582764,57,13
"G11473",2018,58.90116,11.44062,"SWE",0.733498476083513,2.14006616349627,10.6810557744275,845.679998397827,31,21
"G404",1985,61.71629,25.13336,"FIN",0.205606908013517,3.03389473464834,7.31418908124415,790.623188018799,29,24
"G404",1986,61.71629,25.13336,"FIN",-0.227207280808888,3.23950164266186,4.74213716689858,654.369354248047,10,13
"G404",1987,61.71629,25.13336,"FIN",0.3827172607221,3.01229436185297,6.12920331563036,782.838344573975,30,21
"G404",1988,61.71629,25.13336,"FIN",0.644894353132923,3.39501162257507,4.6287834271993,755.208969116211,12,20
"G404",1989,61.71629,25.13336,"FIN",-0.166332780655045,4.03990597570799,7.02927701355983,872.167348861694,28,25
"G404",1990,61.71629,25.13336,"FIN",-0.290637760135253,3.87357319505295,8.68300338118046,704.165697097778,54,24
"G404",1991,61.71629,25.13336,"FIN",-0.206030745824583,3.58293543491769,7.89328926818014,754.913806915283,42,32
"G404",1992,61.71629,25.13336,"FIN",0.212706763362156,3.37690468909311,7.36416830820582,770.804405212402,20,22
"G404",1993,61.71629,25.13336,"FIN",-0.500798755885265,3.58961145245527,7.36823037569642,758.155107498169,29,24
"G404",1994,61.71629,25.13336,"FIN",0.691597075389525,3.08881269657,6.85831031276755,643.467664718628,35,19
"G404",1995,61.71629,25.13336,"FIN",-0.684334549709509,3.78040977195953,6.90619582084761,686.154842376709,38,22
"G404",1996,61.71629,25.13336,"FIN",0.218292584077403,3.09607522225002,7.54055526942424,634.420871734619,29,26
"G404",1997,61.71629,25.13336,"FIN",-0.774105292242129,3.31436780632742,6.67155988516055,695.753812789917,22,28
"G404",1998,61.71629,25.13336,"FIN",-0.453100849390318,2.54026251408529,7.59251575208691,631.740808486938,39,17
"G404",1999,61.71629,25.13336,"FIN",0.886069343512503,2.08716166469497,6.78460751886239,780.078411102295,25,18
"G404",2000,61.71629,25.13336,"FIN",0.202779068431232,2.97323100820748,7.85536248194031,652.309894561767,43,17
"G404",2001,61.71629,25.13336,"FIN",-0.00977582309610581,3.17601007663871,8.56421080208869,724.952220916748,47,23
"G404",2002,61.71629,25.13336,"FIN",0.245804151297427,3.1662342535426,7.12408175533765,706.457376480103,31,23
"G404",2003,61.71629,25.13336,"FIN",-1.06629804153206,3.41203840484003,7.74912611033821,577.292203903198,63,18
"G404",2004,61.71629,25.13336,"FIN",-0.397689649753549,2.34574036330797,7.41500306847978,622.095108032227,47,17
"G404",2005,61.71629,25.13336,"FIN",1.26774035835185,1.94805071355442,7.54891411619761,770.743370056152,30,22
"G404",2006,61.71629,25.13336,"FIN",-0.833932798017723,3.21579107190628,8.18377309302761,709.474563598633,58,21
"G404",2007,61.71629,25.13336,"FIN",-0.0417847364835162,2.38185827388855,8.2903860013779,609.333753585815,73,17
"G404",2008,61.71629,25.13336,"FIN",-0.539849989764853,2.34007353740504,8.28496553603917,703.837871551514,54,19
"G404",2009,61.71629,25.13336,"FIN",0.740433117252308,1.80022354764018,8.13970503676786,888.625383377075,37,33
"G404",2010,61.71629,25.13336,"FIN",-0.641239320957928,2.54065666489249,7.38226903628,562.660217285156,32,9
"G404",2011,61.71629,25.13336,"FIN",-0.773514195030551,1.89941734393456,6.19399748501716,640.363693237305,37,16
"G404",2012,61.71629,25.13336,"FIN",0.393828850445594,1.12590314890401,8.6692821345917,730.151176452637,56,12
"G9542",1986,63.88106,20.06459,"SWE",1.01110401725832,2.90690105984738,4.12334210121468,777.0676612854,11,24
"G9542",1987,63.88106,20.06459,"SWE",-0.307087164461469,3.91800507710569,5.50506432938252,804.392337799072,17,22
"G9542",1988,63.88106,20.06459,"SWE",1.07398724136272,3.61091791264422,4.8200837435788,770.880460739136,9,23
"G9542",1989,63.88106,20.06459,"SWE",-0.887171294980926,4.68490515400694,6.39712510239233,710.844278335571,25,25
"G9542",1990,63.88106,20.06459,"SWE",-0.31035878112281,3.79773385902602,7.97788558332887,722.49698638916,42,26
"G9542",1991,63.88106,20.06459,"SWE",-1.47247205736094,3.48737507790321,7.59966054419951,816.210746765137,37,38
"G9542",1992,63.88106,20.06459,"SWE",3.0708397460408,2.01490302054226,6.73882262347498,657.545804977417,18,20
"G9542",1993,63.88106,20.06459,"SWE",-1.28576926496354,5.08574276658306,7.23588343552554,837.770223617554,37,23
"G9542",1994,63.88106,20.06459,"SWE",0.347911827530607,3.79997350161952,6.58872998381316,743.210792541504,35,24
"G9542",1995,63.88106,20.06459,"SWE",-0.893642360444639,4.14788532915013,6.41526221706442,581.703186035157,25,17
"G9542",1996,63.88106,20.06459,"SWE",0.074383720121828,3.25424296870549,6.96338375561859,684.870004653931,28,29
"G9542",1997,63.88106,20.06459,"SWE",-1.12035227530452,3.32862668882732,6.52956059356856,647.791624069214,26,21
"G9542",1998,63.88106,20.06459,"SWE",0.430782916092454,2.2082744135228,7.43101969679741,706.201076507568,41,18
"G9542",1999,63.88106,20.06459,"SWE",1.68639895357023,2.63905732961526,5.96721655440659,910.15100479126,21,32
"G9542",2000,63.88106,20.06459,"SWE",-2.22132212891528,4.32545628318549,6.90019205171769,678.397417068481,21,21
"G9542",2001,63.88106,20.06459,"SWE",0.389071298332488,2.10413415427021,7.71758168538414,991.95671081543,23,29
"G9542",2002,63.88106,20.06459,"SWE",1.2864283647797,2.4932054526027,6.4963399390652,825.18744468689,19,24
"G9542",2003,63.88106,20.06459,"SWE",-0.320167527596269,3.7796338173824,7.35515471157961,578.497886657715,56,18
"G9542",2004,63.88106,20.06459,"SWE",-0.626252945729915,3.45946628978613,7.32872895541258,634.377956390381,44,21
"G9542",2005,63.88106,20.06459,"SWE",0.506108633887852,2.83321334405622,6.91440743201417,717.72050857544,23,17
"G9542",2006,63.88106,20.06459,"SWE",-0.384411698910332,3.33932197794407,7.61437244154002,762.656211853027,36,23
"G9542",2007,63.88106,20.06459,"SWE",0.559615787935423,2.95491027903374,7.98102981358358,784.637689590454,65,26
"G9542",2008,63.88106,20.06459,"SWE",-0.182321556793955,3.51452606696916,7.53099791644373,657.635450363159,41,17
"G9542",2009,63.88106,20.06459,"SWE",1.16426625888955,3.3322045101752,7.32306406823666,786.055564880371,21,22
"G9542",2010,63.88106,20.06459,"SWE",-0.568574414480314,4.49647076906475,6.48610463599637,774.631500244141,26,17
"G9542",2011,63.88106,20.06459,"SWE",-0.372548293095023,3.92789635458444,5.13237451004657,670.051097869873,14,18
"G9542",2012,63.88106,20.06459,"SWE",-0.0202027073175195,3.55534806148941,7.98133018180117,708.162546157837,45,20
"G9542",2013,63.88106,20.06459,"SWE",0.0455919413223391,3.53514535417189,5.94251237045874,997.02525138855,10,32
"G9542",2014,63.88106,20.06459,"SWE",0.76436598507505,3.58073729549423,7.75949890972817,628.924131393432,39,18
"G9542",2015,63.88106,20.06459,"SWE",-0.558643498116483,4.34510328056928,8.09907606987107,734.977722167969,57,22
"G9542",2016,63.88106,20.06459,"SWE",0.306216722668603,3.7864597824528,8.14158333556292,827.399253845215,41,27
"G9542",2017,63.88106,20.06459,"SWE",0.0424900516209528,4.0926765051214,7.21880505671267,664.993762969971,26,17
"G9542",2018,63.88106,20.06459,"SWE",-0.82098055206983,4.13516655674236,6.65680688309345,817.901134490967,15,20
"G10191",1990,67.67527,20.55569,"SWE",0.305381649551182,1.43508452528932,4.01052597254926,715.401649475098,38,30
"G10191",1991,67.67527,20.55569,"SWE",-0.675755437848076,1.7404661748405,4.08755008227205,726.74822807312,39,27
"G10191",1992,67.67527,20.55569,"SWE",1.24782468685479,1.06471073699243,2.99897887347498,735.328197479248,28,25
"G10191",1993,67.67527,20.55569,"SWE",-1.05977245535185,2.31253542384721,3.47076260092482,643.739223480224,38,21
"G10191",1994,67.67527,20.55569,"SWE",0.775385278796917,1.25276296849537,2.99673311416417,743.476867675781,30,31
"G10191",1995,67.67527,20.55569,"SWE",-1.19523912435718,2.02814824729229,2.88263482916845,457.900524139404,22,10
"G10191",1996,67.67527,20.55569,"SWE",-0.302280871872934,0.832909122935104,2.8023466345382,666.548013687134,23,24
"G10191",1997,67.67527,20.55569,"SWE",0.663294217410264,0.53062825106217,2.95227928786979,625.64492225647,18,19
"G10191",1998,67.67527,20.55569,"SWE",0.167054084663166,1.19392246847243,3.71872027671503,503.719806671143,33,16
"G10191",1999,67.67527,20.55569,"SWE",-0.83034830207343,1.3609765531356,1.62123684817798,835.147380828858,13,28
"G10191",2000,67.67527,20.55569,"SWE",0.927986771637346,0.53062825106217,2.97337006869384,758.15224647522,28,27
"G10191",2001,67.67527,20.55569,"SWE",-0.670157662335246,1.45861502269952,4.23999317773707,825.464010238648,43,31
"G10191",2002,67.67527,20.55569,"SWE",0.622529613345992,0.78845736036427,3.28088312018409,732.708930969238,24,15
"G10191",2003,67.67527,20.55569,"SWE",0.397301797469003,1.41098697371026,3.57361680122274,539.023160934448,54,19
"G10191",2004,67.67527,20.55569,"SWE",-0.815036998168982,1.80828877117927,4.0202036818413,530.839204788208,54,13
"G10191",2005,67.67527,20.55569,"SWE",0.711496319228142,0.993251773010283,3.41155633144692,792.124032974243,33,24
"G10191",2006,67.67527,20.55569,"SWE",0.349375641457121,1.70474809223843,4.03955563061859,754.024744033813,41,26
"G10191",2007,67.67527,20.55569,"SWE",-0.245834962516281,2.05412373369555,4.31128661273279,632.282733917236,54,25
"G10191",2008,67.67527,20.55569,"SWE",0.893072441772148,1.80828877117927,3.9048555138993,700.615167617798,43,23
"G10191",2009,67.67527,20.55569,"SWE",-0.0203396842371224,2.70136121295141,3.37304260587433,688.964366912842,25,25
"G10191",2010,67.67527,20.55569,"SWE",-0.666118508172026,2.68102152871429,3.77542264755458,548.099756240845,33,12
"G10191",2011,67.67527,20.55569,"SWE",-0.127833371509885,2.01490302054226,2.02730754695531,648.139476776123,15,25
"G10191",2012,67.67527,20.55569,"SWE",-0.318453731118534,1.88706964903238,4.28325383434557,794.755220413208,36,31
"G10191",2013,67.67527,20.55569,"SWE",-0.0645385211375711,1.56861591791385,2.30596759566845,794.468402862549,3,29
"G10191",2014,67.67527,20.55569,"SWE",-0.510825623765991,1.50407739677627,4.04179219285102,737.886905670166,39,24
"G10191",2015,67.67527,20.55569,"SWE",-0.730887508542792,0.993251773010283,3.95319644457675,597.904443740845,52,17
"G10191",2016,67.67527,20.55569,"SWE",1.04596855518269,0.262364264467491,4.25288863508667,791.465997695923,35,33
"G10191",2017,67.67527,20.55569,"SWE",-0.176930708159078,1.30833281965018,3.86880424791349,764.668941497803,28,31
"G10191",2018,67.67527,20.55569,"SWE",0.437213806422745,1.1314021114911,2.8902347094392,822.207450866699,14,26
