"TimeSeriesID","Year","Latitude","Longitude","Country","growth_rate","logval_prev","temp_prev","precip_prev","extTemp_prev","extPrecip_prev","extTemp_abslat","extPrecip_abslat"
"G8647",1993,43.24452,6.000062518,"FRA",0.224513141297768,1.81291335664286,14.5749329433198,736.51647567749,10,3,432.4452,129.73356
"G8647",1994,43.24452,6.000062518,"FRA",-0.224513141297768,2.03742649794062,14.1624805067228,834.896087646484,4,4,172.97808,172.97808
"G8647",1995,43.24452,6.000062518,"FRA",0.724905738430419,1.81291335664286,15.1174255719468,813.493728637695,10,8,432.4452,345.95616
"G8647",1996,43.24452,6.000062518,"FRA",-0.317711007033219,2.53781909507327,14.4168344941858,656.186580657959,8,6,345.95616,259.46712
"G8647",1997,43.24452,6.000062518,"FRA",-0.224472893442505,2.22010808804005,14.049929225206,1034.49153900146,2,5,86.48904,216.2226
"G8647",1998,43.24452,6.000062518,"FRA",0.516248166381325,1.99563519459755,15.1335300846187,563.057661056518,21,5,908.13492,216.2226
"G8647",1999,43.24452,6.000062518,"FRA",0.0621479067488444,2.51188336097887,14.4884883236123,523.64993095398,15,3,648.6678,129.73356
"G8647",2000,43.24452,6.000062518,"FRA",0.309630167425899,2.57403126772772,14.8511560048143,773.177623748779,8,7,345.95616,302.71164
"G8647",2001,43.24452,6.000062518,"FRA",-0.531478917042255,2.88366143515362,15.0379811903601,812.440156936646,12,7,518.93424,302.71164
"G8647",2002,43.24452,6.000062518,"FRA",0.137775961313472,2.35218251811136,15.2001759394119,554.687023162842,12,4,518.93424,172.97808
"G8647",2003,43.24452,6.000062518,"FRA",-0.0428004480826152,2.48995847942483,15.2653820961034,872.840404510498,21,5,908.13492,216.2226
"G8647",2004,43.24452,6.000062518,"FRA",0.111550539190946,2.44715803134222,15.4661867289783,637.861013412475,31,3,1340.58012,129.73356
"G8647",2005,43.24452,6.000062518,"FRA",0.184801194195264,2.55870857053317,14.9329269117345,546.415567398071,13,2,562.17876,86.48904
"G8647",2006,43.24452,6.000062518,"FRA",-0.485831189859245,2.74350976472843,14.5976274255204,498.563528060913,9,3,389.20068,129.73356
"G8647",2007,43.24452,6.000062518,"FRA",-0.0562814505487332,2.25767857486918,15.5519728987184,492.938995361328,18,1,778.40136,43.24452
"G8647",2008,43.24452,6.000062518,"FRA",-0.0678582159502339,2.20139712432045,15.3396933185456,432.887554168701,33,1,1427.06916,43.24452
"G8647",2009,43.24452,6.000062518,"FRA",-0.258477644978517,2.13353890837022,14.8909611422291,874.773263931275,16,5,691.91232,216.2226
"G8647",2010,43.24452,6.000062518,"FRA",0.286306738843275,1.8750612633917,15.1411226803854,814.381122589111,11,7,475.68972,302.71164
"G8647",2011,43.24452,6.000062518,"FRA",-0.0679463170727397,2.16136800223497,14.0590582285842,883.197069168091,2,5,86.48904,216.2226
"G8647",2012,43.24452,6.000062518,"FRA",0.46887117929424,2.09342168516224,15.2748304062238,823.129653930664,28,7,1210.84656,302.71164
"G8647",2013,43.24452,6.000062518,"FRA",-0.124542301636087,2.56229286445647,15.1307543586078,680.689096450806,29,4,1254.09108,172.97808
"G8647",2014,43.24452,6.000062518,"FRA",-0.483508053381063,2.43775056282039,14.8075896450374,857.608795166016,10,6,432.4452,259.46712
"G8647",2015,43.24452,6.000062518,"FRA",0.485090184390938,1.95424250943932,15.8314082402617,1060.82010269165,23,10,994.62396,432.4452
"G8647",2016,43.24452,6.000062518,"FRA",-0.0431333467345265,2.43933269383026,15.7535485359088,567.513465881348,22,2,951.37944,86.48904
"G8647",2017,43.24452,6.000062518,"FRA",0.0736226688824266,2.39619934709574,15.6372741904198,626.796245574951,19,3,821.64588,129.73356
"G8637",1993,44.26627,6.275183589,"FRA",0.595429412428949,1.51851393987789,7.5474070884274,1130.86414337158,11,2,486.92897,88.53254
"G8637",1994,44.26627,6.275183589,"FRA",0.173858377623389,2.11394335230684,7.52450560304133,1061.47980690002,21,8,929.59167,354.13016
"G8637",1995,44.26627,6.275183589,"FRA",-0.644349053444039,2.28780172993023,8.28552296956382,1095.87669372559,17,7,752.52659,309.86389
"G8637",1996,44.26627,6.275183589,"FRA",0.0725506671486118,1.64345267648619,7.03941783643753,1104.23374176025,1,4,44.26627,177.06508
"G8637",1997,44.26627,6.275183589,"FRA",-0.284639579475812,1.7160033436348,6.78941339030731,1238.6200428009,1,7,44.26627,309.86389
"G8637",1998,44.26627,6.275183589,"FRA",0.471726222832956,1.43136376415899,8.07031438470434,869.319677352905,11,6,486.92897,265.59762
"G8637",1999,44.26627,6.275183589,"FRA",0.214181308663821,1.90308998699194,7.57539435957122,787.778854370117,14,3,619.72778,132.79881
"G8637",2000,44.26627,6.275183589,"FRA",-0.203457443272048,2.11727129565576,6.99652602835882,1015.09833335876,10,6,442.6627,265.59762
"G8637",2001,44.26627,6.275183589,"FRA",-0.0687158123694598,1.91381385238372,7.87307931799273,1197.50094413757,7,13,309.86389,575.46151
"G8637",2002,44.26627,6.275183589,"FRA",0.516629796003336,1.84509804001426,8.32456748300493,924.160718917847,13,7,575.46151,309.86389
"G8637",2003,44.26627,6.275183589,"FRA",0.193366612560726,2.36172783601759,8.36066338177688,1043.25795173645,25,10,1106.65675,442.6627
"G8637",2004,44.26627,6.275183589,"FRA",-0.237031113615558,2.55509444857832,8.24195772284243,770.521879196167,18,4,796.79286,177.06508
"G8637",2005,44.26627,6.275183589,"FRA",-0.204119982655925,2.31806333496276,7.90609256626263,793.806076049805,8,4,354.13016,177.06508
"G8637",2006,44.26627,6.275183589,"FRA",-0.159700842867512,2.11394335230684,8.13858441217852,625.202417373657,32,3,1416.52064,132.79881
"G8637",2007,44.26627,6.275183589,"FRA",0.218943758972949,1.95424250943932,8.87391790799357,791.44811630249,28,3,1239.45556,132.79881
"G8637",2008,44.26627,6.275183589,"FRA",-0.0559149727565096,2.17318626841227,8.54883666365118,765.413284301758,31,4,1372.25437,177.06508
"G8637",2009,44.26627,6.275183589,"FRA",-0.148788347101829,2.11727129565576,8.24036328675318,1098.51479530334,24,3,1062.39048,132.79881
"G8637",2010,44.26627,6.275183589,"FRA",-0.0653929615619915,1.96848294855394,8.5635639974516,875.041723251343,38,8,1682.11826,354.13016
"G8637",2011,44.26627,6.275183589,"FRA",0.200713733964013,1.90308998699194,6.71837971831023,1082.67951011658,1,6,44.26627,265.59762
"G8637",2012,44.26627,6.275183589,"FRA",-0.200713733964013,2.10380372095596,8.90422293083853,848.122358322143,29,7,1283.72183,309.86389
"G8637",2013,44.26627,6.275183589,"FRA",-0.384576047114056,1.90308998699194,8.72628627387989,878.555536270142,58,4,2567.44366,177.06508
"G8637",2014,44.26627,6.275183589,"FRA",0.1249387366083,1.51851393987789,7.94847350098777,1156.62217140198,20,6,885.3254,265.59762
"G8637",2015,44.26627,6.275183589,"FRA",0.347773399206307,1.64345267648619,8.85898007780453,1091.09115600586,29,8,1283.72183,354.13016
"G8637",2016,44.26627,6.275183589,"FRA",0.109144469425068,1.9912260756925,9.44834042553489,795.427322387695,69,6,3054.37263,265.59762
"G8637",2017,44.26627,6.275183589,"FRA",0.159700842867512,2.10037054511756,8.96624056393986,1008.14867019653,32,8,1416.52064,354.13016
"G7358",1991,48.69012,-0.744099437,"FRA",-0.0407940710291248,2.16136800223497,10.9040240945337,831.804037094116,25,5,1217.253,243.4506
"G7358",1992,48.69012,-0.744099437,"FRA",-0.0133639615579817,2.12057393120585,9.59668097474262,704.882621765137,3,4,146.07036,194.76048
"G7358",1993,48.69012,-0.744099437,"FRA",0.0295105975085383,2.10720996964787,10.103426911401,845.589399337769,4,6,194.76048,292.14072
"G7358",1994,48.69012,-0.744099437,"FRA",0.125730522574023,2.13672056715641,9.77525051064689,902.65679359436,5,5,243.4506,243.4506
"G7358",1995,48.69012,-0.744099437,"FRA",0.00236673327910708,2.26245108973043,10.926945718565,1163.39159011841,13,9,632.97156,438.21108
"G7358",1996,48.69012,-0.744099437,"FRA",0.202049797344573,2.26481782300954,10.8417227914888,994.729995727539,21,6,1022.49252,292.14072
"G7358",1997,48.69012,-0.744099437,"FRA",-0.0403563589895342,2.46686762035411,9.53056162502381,730.955839157105,10,4,486.9012,194.76048
"G7358",1998,48.69012,-0.744099437,"FRA",-0.253324992952301,2.42651126136458,10.7291888406832,909.409999847412,12,6,584.28144,292.14072
"G7358",1999,48.69012,-0.744099437,"FRA",0.121279957749319,2.17318626841227,10.4014578762664,978.016376495361,22,7,1071.18264,340.83084
"G7358",2000,48.69012,-0.744099437,"FRA",-0.19409568104403,2.29446622616159,11.0704865912869,1191.63393974304,5,8,243.4506,389.52096
"G7358",2001,48.69012,-0.744099437,"FRA",0.101026579202888,2.10037054511756,10.6978626153943,1196.53630256653,8,8,389.52096,389.52096
"G7358",2002,48.69012,-0.744099437,"FRA",-0.0400291220854765,2.20139712432045,10.5633648841893,1154.63829040527,11,9,535.59132,438.21108
"G7358",2003,48.69012,-0.744099437,"FRA",0.0317565961194868,2.16136800223497,10.8178288533808,1019.62685585022,8,6,389.52096,292.14072
"G7358",2004,48.69012,-0.744099437,"FRA",-0.00843316753686274,2.19312459835446,10.9751976361558,774.264335632324,32,4,1558.08384,194.76048
"G7358",2005,48.69012,-0.744099437,"FRA",0.00282929001886423,2.1846914308176,10.4694841909495,828.506231307983,15,5,730.3518,243.4506
"G7358",2006,48.69012,-0.744099437,"FRA",-0.108339474788838,2.18752072083646,10.5886160724239,782.567262649536,19,1,925.11228,48.69012
"G7358",2007,48.69012,-0.744099437,"FRA",-0.0705810742857071,2.07918124604762,10.8423252192807,933.912754058838,17,5,827.73204,243.4506
"G7358",2008,48.69012,-0.744099437,"FRA",-0.0895220793858436,2.00860017176192,10.5989432382802,996.088743209839,11,7,535.59132,340.83084
"G7358",2009,48.69012,-0.744099437,"FRA",-0.0269834896855936,1.91907809237607,10.2062096142378,969.932079315185,9,4,438.21108,194.76048
"G7358",2010,48.69012,-0.744099437,"FRA",-0.0660197999896539,1.89209460269048,10.3222409113357,900.813579559326,3,4,146.07036,194.76048
"G7358",2011,48.69012,-0.744099437,"FRA",0.234623037652785,1.82607480270083,9.48792612955452,774.916648864746,6,2,292.14072,97.38024
"G7358",2012,48.69012,-0.744099437,"FRA",-0.152212821474962,2.06069784035361,11.2631196827649,761.425018310547,28,7,1363.32336,340.83084
"G7358",2013,48.69012,-0.744099437,"FRA",-0.0696359281413945,1.90848501887865,10.2755626570766,987.04719543457,13,3,632.97156,146.07036
"G7358",2014,48.69012,-0.744099437,"FRA",0.161150909262745,1.83884909073726,10.1022444145865,980.891942977905,7,8,340.83084,389.52096
"G7343",1990,49.61343,-1.40407644,"FRA",0.118099312077995,1.68124123737559,12.1645905708069,619.357585906982,21,3,1041.88203,148.84029
"G7343",1991,49.61343,-1.40407644,"FRA",-0.0359125558906443,1.79934054945358,12.121222965467,724.915266036987,30,3,1488.4029,148.84029
"G7343",1992,49.61343,-1.40407644,"FRA",-0.00755313789044587,1.76342799356294,10.7443963090035,614.817142486572,4,1,198.45372,49.61343
"G7343",1993,49.61343,-1.40407644,"FRA",0,1.75587485567249,11.3308109957447,737.251758575439,4,2,198.45372,99.22686
"G7343",1994,49.61343,-1.40407644,"FRA",0.0434656937810902,1.75587485567249,11.0127614356612,863.465547561645,7,8,347.29401,396.90744
"G7343",1995,49.61343,-1.40407644,"FRA",0.0982865418368597,1.79934054945358,11.9468241164674,986.535549163818,14,11,694.58802,545.74773
"G7343",1996,49.61343,-1.40407644,"FRA",0.127678773974329,1.89762709129044,12.0243930433439,833.483219146729,17,7,843.42831,347.29401
"G7343",1997,49.61343,-1.40407644,"FRA",-0.0167056935028529,2.02530586526477,10.8389119014497,673.959493637085,14,4,694.58802,198.45372
"G7343",1998,49.61343,-1.40407644,"FRA",-0.216208482263664,2.00860017176192,11.7749860545816,756.056547164917,12,4,595.36116,198.45372
"G7343",1999,49.61343,-1.40407644,"FRA",0.152090982651915,1.79239168949825,11.709168260827,868.526697158814,14,6,694.58802,297.68058
"G7343",2000,49.61343,-1.40407644,"FRA",-0.131569315507313,1.94448267215017,12.2888646948828,947.725772857666,13,12,644.97459,595.36116
"G7343",2001,49.61343,-1.40407644,"FRA",0.14132915279647,1.81291335664286,11.8882053639285,1030.04193305969,10,7,496.1343,347.29401
"G7343",2002,49.61343,-1.40407644,"FRA",-0.190814515876388,1.95424250943932,11.8025103251139,933.897972106933,11,13,545.74773,644.97459
"G7343",2003,49.61343,-1.40407644,"FRA",-0.508155488459631,1.76342799356294,12.1071528848448,906.222105026245,10,5,496.1343,248.06715
"G7343",2004,49.61343,-1.40407644,"FRA",0.658541347280411,1.25527250510331,11.9665383360702,703.455209732056,25,7,1240.33575,347.29401
"G7343",2005,49.61343,-1.40407644,"FRA",0.020684598859851,1.91381385238372,11.8329146379981,769.763231277466,11,6,545.74773,297.68058
"G7343",2006,49.61343,-1.40407644,"FRA",-0.17107045768063,1.93449845124357,11.9076744253777,666.40305519104,20,2,992.2686,99.22686
"G7343",2007,49.61343,-1.40407644,"FRA",-0.0558578174650011,1.76342799356294,12.0398296338783,831.642627716064,18,6,893.04174,297.68058
"G7343",2008,49.61343,-1.40407644,"FRA",0.200914842780713,1.70757017609794,11.9615094572442,814.060926437378,14,5,694.58802,248.06715
"G7343",2009,49.61343,-1.40407644,"FRA",0.0692385864101981,1.90848501887865,11.5934033044701,868.40558052063,14,9,694.58802,446.52087
"G7343",2010,49.61343,-1.40407644,"FRA",0.0753548381945717,1.97772360528885,11.5677962142039,842.85306930542,4,5,198.45372,248.06715
"G7343",2011,49.61343,-1.40407644,"FRA",0.174808261130254,2.05307844348342,10.7481098035699,807.422161102295,8,8,396.90744,396.90744
"G7343",2012,49.61343,-1.40407644,"FRA",-0.241114970347429,2.22788670461367,12.267837282294,650.427341461182,22,4,1091.49546,198.45372
"G7343",2013,49.61343,-1.40407644,"FRA",0.0218284374956728,1.98677173426624,11.4224923997195,942.278146743774,7,8,347.29401,396.90744
"G7343",2014,49.61343,-1.40407644,"FRA",-0.0690809191432991,2.00860017176192,11.2222336233479,832.47971534729,9,7,446.52087,347.29401
"G7343",2015,49.61343,-1.40407644,"FRA",-0.0101003269043258,1.93951925261862,12.5726680058867,972.144603729248,15,5,744.20145,248.06715
"G7343",2016,49.61343,-1.40407644,"FRA",-0.0660960655938367,1.92941892571429,12.1028464365224,762.200117111206,27,9,1339.56261,446.52087
"G7343",2017,49.61343,-1.40407644,"FRA",-0.584569259167627,1.86332286012046,11.7894309438209,795.84264755249,12,6,595.36116,297.68058
"G2961",2002,53.96543,-2.439225251,"GBR",-0.0158084642209378,0.355259905527378,8.85482821181488,1153.49078178406,6,4,323.79258,215.86172
"G2961",2003,53.96543,-2.439225251,"GBR",-0.284073109931441,0.339451441306441,9.41427421047265,1476.56536102295,9,10,485.68887,539.6543
"G2961",2004,53.96543,-2.439225251,"GBR",0.399771189804828,0.0553783313750001,9.33344914336184,1128.03673744202,17,8,917.41231,431.72344
"G2961",2005,53.96543,-2.439225251,"GBR",-0.11929060986001,0.455149521179828,9.38952035400172,1425.85515975952,7,9,377.75801,485.68887
"G2961",2006,53.96543,-2.439225251,"GBR",-0.15372969726682,0.335858911319818,9.33881361451871,1181.97751045227,17,8,917.41231,431.72344
"G2961",2007,53.96543,-2.439225251,"GBR",-0.0159952437478893,0.182129214052998,9.65481674682062,1368.95537376404,24,5,1295.17032,269.82715
"G2961",2008,53.96543,-2.439225251,"GBR",0.0716610229688135,0.166133970305109,9.52473452145654,1327.85844802856,11,8,593.61973,431.72344
"G2961",2009,53.96543,-2.439225251,"GBR",0.135852478935295,0.237794993273923,9.010928020929,1520.76077461243,15,8,809.48145,431.72344
"G2961",2010,53.96543,-2.439225251,"GBR",-0.0312247913870115,0.373647472209218,9.10454996884144,1318.35389137268,8,5,431.72344,269.82715
"G2961",2011,53.96543,-2.439225251,"GBR",-0.122053048370812,0.342422680822206,7.86530488419208,968.973636627197,3,4,161.89629,215.86172
"G2961",2012,53.96543,-2.439225251,"GBR",0.101849662282525,0.220369632451394,9.587257721435,1293.32661628723,18,5,971.37774,269.82715
"G2961",2013,53.96543,-2.439225251,"GBR",0.441208698829018,0.322219294733919,8.69635036412919,1626.49154663086,10,7,539.6543,377.75801
"G2961",2014,53.96543,-2.439225251,"GBR",-0.121557448086624,0.763427993562937,8.64426737049399,1164.30687904358,7,5,377.75801,269.82715
"G2961",2015,53.96543,-2.439225251,"GBR",-0.131996260471594,0.641870545476313,9.90628427479369,1369.948387146,12,6,647.58516,323.79258
"G2961",2016,53.96543,-2.439225251,"GBR",-0.270574805877827,0.509874285004719,9.07884797048356,1548.22301864624,31,11,1672.92833,593.61973
"G2961",2017,53.96543,-2.439225251,"GBR",0.173496949589651,0.239299479126893,9.33805939825511,1247.77412414551,15,7,809.48145,377.75801
"G2961",2018,53.96543,-2.439225251,"GBR",0.025112606822955,0.412796428716543,9.5432549393885,1304.40449714661,11,6,593.61973,323.79258
"G10556",1989,57.16585,12.74852,"SWE",0.193515150972421,1.05690485133647,7.17150065486334,1117.61856079102,10,7,571.6585,400.16095
"G10556",1990,57.16585,12.74852,"SWE",-0.104291966630656,1.25042000230889,8.25326289172589,809.100151062011,32,2,1829.3072,114.3317
"G10556",1991,57.16585,12.74852,"SWE",0.021189299069938,1.14612803567824,8.24905655743325,1113.7216091156,39,11,2229.46815,628.82435
"G10556",1992,57.16585,12.74852,"SWE",-0.232818883504608,1.16731733474818,7.2378963714321,833.860397338867,11,3,628.82435,171.49755
"G10556",1993,57.16585,12.74852,"SWE",0.202222115912839,0.934498451243568,7.68416452737888,908.857583999634,19,5,1086.15115,285.82925
"G10556",1994,57.16585,12.74852,"SWE",-0.0760227268027951,1.13672056715641,6.67534727505897,962.728023529053,30,4,1714.9755,228.6634
"G10556",1995,57.16585,12.74852,"SWE",-0.00379298901713887,1.06069784035361,7.43017283400448,1052.2825717926,20,8,1143.317,457.3268
"G10556",1996,57.16585,12.74852,"SWE",0.256962369032681,1.05690485133647,7.14294550124915,956.747055053711,13,10,743.15605,571.6585
"G10556",1997,57.16585,12.74852,"SWE",0.0699481456112778,1.31386722036915,5.86152892885748,757.174730300903,10,5,571.6585,285.82925
"G10556",1998,57.16585,12.74852,"SWE",0.122689666424441,1.38381536598043,7.28128688934189,821.755409240723,9,6,514.49265,342.9951
"G10556",1999,57.16585,12.74852,"SWE",-0.268458929276077,1.50650503240487,6.86408674684291,1169.9047088623,9,8,514.49265,457.3268
"G10556",2000,57.16585,12.74852,"SWE",-0.00504999273664164,1.2380461031288,7.64728319873553,1209.10096168518,12,8,685.9902,457.3268
"G10556",2001,57.16585,12.74852,"SWE",-0.308716824330272,1.23299611039215,8.32714775029863,1088.66739273071,22,11,1257.6487,628.82435
"G10556",2002,57.16585,12.74852,"SWE",0.0347621062592118,0.924279286061882,7.03738274770244,912.390470504761,5,4,285.82925,228.6634
"G10556",2003,57.16585,12.74852,"SWE",-0.132966589620267,0.959041392321094,7.74135174685964,977.645874023438,24,8,1371.9804,457.3268
"G10556",2004,57.16585,12.74852,"SWE",0.394033285339229,0.826074802700826,7.21905131231162,862.977504730225,8,8,457.3268,457.3268
"G10556",2005,57.16585,12.74852,"SWE",-0.285609636796488,1.22010808804006,7.20312098796685,1077.15702056885,14,6,800.3219,342.9951
"G10556",2006,57.16585,12.74852,"SWE",0.379368769125586,0.934498451243568,7.38286639348558,905.475616455078,24,8,1371.9804,457.3268
"G10556",2007,57.16585,12.74852,"SWE",-0.487792417668327,1.31386722036915,7.92514440806492,1134.08470153809,43,8,2458.13155,457.3268
"G10556",2008,57.16585,12.74852,"SWE",0.108423648542741,0.826074802700826,8.10630246166773,1159.21974182129,35,12,2000.80475,685.9902
"G10556",2009,57.16585,12.74852,"SWE",0.102928046697056,0.934498451243568,8.22864008974731,1132.88116455078,21,12,1200.48285,685.9902
"G10556",2010,57.16585,12.74852,"SWE",-0.217882562398755,1.03742649794062,7.52777654917821,940.060615539551,14,3,800.3219,171.49755
"G10556",2011,57.16585,12.74852,"SWE",0.284259785414088,0.819543935541869,5.53657477217726,933.194637298584,4,6,228.6634,342.9951
"G10556",2012,57.16585,12.74852,"SWE",0.016770210249893,1.10380372095596,7.96280263439162,1104.73275184631,17,6,971.81945,342.9951
"G10556",2013,57.16585,12.74852,"SWE",-0.217483944213906,1.12057393120585,6.84265485773975,1214.8585319519,9,8,514.49265,457.3268
"G10556",2014,57.16585,12.74852,"SWE",0.431363764158987,0.903089986991944,7.2571588873319,860.624313354492,11,6,628.82435,342.9951
"G10556",2015,57.16585,12.74852,"SWE",-0.213879819945081,1.33445375115093,8.83634902222518,1136.2898349762,29,8,1657.80965,457.3268
"G10556",2016,57.16585,12.74852,"SWE",0.32813238869923,1.12057393120585,8.07522086574611,1127.85124778748,22,11,1257.6487,628.82435
"G10556",2017,57.16585,12.74852,"SWE",0.0061385401034304,1.44870631990508,7.83099733050406,895.973205566406,27,4,1543.47795,228.6634
"G10556",2018,57.16585,12.74852,"SWE",0.324029611994229,1.45484486000851,7.79003874896325,1095.91436386108,8,5,457.3268,285.82925
"G11473",1981,58.90116,11.44062,"SWE",-0.201065143693064,2.13353890837022,5.67023561717386,890.358209609985,9,6,530.11044,353.40696
"G11473",1982,58.90116,11.44062,"SWE",-0.229182386558492,1.93247376467715,5.49906924870463,866.371393203735,14,4,824.61624,235.60464
"G11473",1983,58.90116,11.44062,"SWE",-0.345356531118208,1.70329137811866,6.66124193200243,945.531129837036,12,9,706.81392,530.11044
"G11473",1984,58.90116,11.44062,"SWE",0.104463150898502,1.35793484700045,7.23678825587445,788.738012313843,22,5,1295.82552,294.5058
"G11473",1985,58.90116,11.44062,"SWE",-0.328859089528739,1.46239799789896,6.86340316640441,938.551425933838,6,7,353.40696,412.30812
"G11473",1986,58.90116,11.44062,"SWE",0.138302698166282,1.13353890837022,4.39634270341431,968.782186508179,6,5,353.40696,294.5058
"G11473",1987,58.90116,11.44062,"SWE",0.363642140278413,1.2718416065365,5.4612629215467,862.267255783081,12,6,706.81392,353.40696
"G11473",1988,58.90116,11.44062,"SWE",0.0669467896306131,1.63548374681491,4.48236660543643,912.552833557129,1,9,58.90116,530.11044
"G11473",1989,58.90116,11.44062,"SWE",0.241558338628247,1.70243053644553,6.89298289530049,1075.89912414551,12,6,706.81392,353.40696
"G11473",1990,58.90116,11.44062,"SWE",-0.190405816180865,1.94398887507377,8.04882889664882,770.211219787598,36,6,2120.44176,353.40696
"G11473",1991,58.90116,11.44062,"SWE",0.150049457191331,1.75358305889291,8.18472539126604,881.528854370117,45,7,2650.5522,412.30812
"G11473",1992,58.90116,11.44062,"SWE",-0.11546414494307,1.90363251608424,7.15888198608678,724.344730377197,10,2,589.0116,117.80232
"G11473",1993,58.90116,11.44062,"SWE",-0.0581940854416121,1.78816837114117,7.56045371439507,746.72532081604,27,4,1590.33132,235.60464
"G11473",1994,58.90116,11.44062,"SWE",-0.458132679163057,1.72997428569956,6.33717817367487,732.650756835938,25,3,1472.529,176.70348
"G11473",1995,58.90116,11.44062,"SWE",-0.0731845195820764,1.2718416065365,6.75181216583951,780.986547470093,17,3,1001.31972,176.70348
"G11473",1996,58.90116,11.44062,"SWE",0.207883093479533,1.19865708695442,6.90088531110931,835.316658020019,12,6,706.81392,353.40696
"G11473",1997,58.90116,11.44062,"SWE",0.165168651374732,1.40654018043396,5.7301101205128,648.350954055786,9,2,530.11044,117.80232
"G11473",1998,58.90116,11.44062,"SWE",-0.10336150139653,1.57170883180869,7.47854537963866,720.788955688477,22,7,1295.82552,412.30812
"G11473",1999,58.90116,11.44062,"SWE",0.294331233315279,1.46834733041216,6.79291763654041,919.680833816528,10,2,589.0116,117.80232
"G11473",2000,58.90116,11.44062,"SWE",-0.309360223680399,1.76267856372744,7.30950784378403,1162.24670410156,13,14,765.71508,824.61624
"G11473",2001,58.90116,11.44062,"SWE",0.189146180195084,1.45331834004704,8.11318317336897,1164.12019729614,26,9,1531.43016,530.11044
"G11473",2002,58.90116,11.44062,"SWE",-0.122636526466402,1.64246452024212,6.59195943684342,828.900814056396,13,4,765.71508,235.60464
"G11473",2003,58.90116,11.44062,"SWE",-0.297111522628136,1.51982799377572,7.43655923294697,838.635683059692,28,5,1649.23248,294.5058
"G11473",2004,58.90116,11.44062,"SWE",0.213446175893173,1.22271647114758,7.1496649859703,824.618577957153,11,6,647.91276,353.40696
"G11473",2005,58.90116,11.44062,"SWE",-0.113943352306837,1.43616264704076,7.23461690739422,950.557470321655,23,5,1354.72668,294.5058
"G11473",2006,58.90116,11.44062,"SWE",-0.208275942427083,1.32221929473392,7.63223207377955,749.672889709473,36,5,2120.44176,294.5058
"G11473",2007,58.90116,11.44062,"SWE",0.592774430029922,1.11394335230684,7.83359791655521,1088.98186683655,36,10,2120.44176,589.0116
"G11473",2008,58.90116,11.44062,"SWE",-0.425684415089031,1.70671778233676,7.79794861606269,964.727163314819,31,7,1825.93596,412.30812
"G11473",2009,58.90116,11.44062,"SWE",0.346332489345005,1.28103336724773,8.13814440867948,1029.03389930725,31,3,1825.93596,176.70348
"G11473",2010,58.90116,11.44062,"SWE",-0.137407377167898,1.62736585659273,6.89526994957774,942.268371582031,10,3,589.0116,176.70348
"G11473",2011,58.90116,11.44062,"SWE",0.0675487224808233,1.48995847942483,4.60354288005396,775.784492492675,1,2,58.90116,117.80232
"G11473",2012,58.90116,11.44062,"SWE",0.0268240224618728,1.55750720190566,7.67852350696584,1021.8391418457,22,4,1295.82552,235.60464
"G11473",2013,58.90116,11.44062,"SWE",-0.2498774732166,1.58433122436753,6.7459344801356,1086.04145050049,25,6,1472.529,353.40696
"G11473",2014,58.90116,11.44062,"SWE",-0.293061065992706,1.33445375115093,6.85048437249174,849.19548034668,14,3,824.61624,176.70348
"G11473",2015,58.90116,11.44062,"SWE",0.507610576867563,1.04139268515823,8.5243114401761,1169.30961608887,25,7,1472.529,412.30812
"G11473",2016,58.90116,11.44062,"SWE",-0.763673427015021,1.54900326202579,7.95884627599155,993.616580963135,24,10,1413.62784,589.0116
"G11473",2017,58.90116,11.44062,"SWE",0.144089090703526,0.785329835010767,7.52876124251738,751.506328582764,27,2,1590.33132,117.80232
"G11473",2018,58.90116,11.44062,"SWE",0.318554340647514,0.929418925714293,7.60158136097813,845.679998397827,10,4,589.0116,235.60464
"G404",1985,61.71629,25.13336,"FIN",0.0892939455914601,1.3176037419331,4.41104594197649,790.623188018799,6,4,370.29774,246.86516
"G404",1986,61.71629,25.13336,"FIN",-0.0986748683035426,1.40689768752456,1.59507361808323,654.369354248047,2,6,123.43258,370.29774
"G404",1987,61.71629,25.13336,"FIN",0.166211994460736,1.30822281922102,3.12050971984867,782.838344573974,11,3,678.87919,185.14887
"G404",1988,61.71629,25.13336,"FIN",0.280074058976195,1.47443481368176,1.53107633895529,755.20896911621,3,6,185.14887,370.29774
"G404",1989,61.71629,25.13336,"FIN",-0.0722374087981099,1.75450887265795,4.01381738485537,872.167348861694,11,6,678.87919,370.29774
"G404",1990,61.71629,25.13336,"FIN",-0.126222375459461,1.68227146385984,5.67889988694562,704.165697097778,21,7,1296.04209,432.01403
"G404",1991,61.71629,25.13336,"FIN",-0.0894780160140278,1.55604908840038,4.91253557248748,754.913806915283,14,7,864.02806,432.01403
"G404",1992,61.71629,25.13336,"FIN",0.0923773735916853,1.46657107238635,4.42241295069866,770.804405212402,4,8,246.86516,493.73032
"G404",1993,61.71629,25.13336,"FIN",-0.217494136224984,1.55894844597804,4.4691655768723,758.155107498169,8,3,493.73032,185.14887
"G404",1994,61.71629,25.13336,"FIN",0.300356793542098,1.34145430975306,3.8626102691372,643.467664718628,23,2,1419.47467,123.43258
"G404",1995,61.71629,25.13336,"FIN",-0.297202718714586,1.64181110329515,3.74052863273448,686.154842376709,16,7,987.46064,432.01403
"G404",1996,61.71629,25.13336,"FIN",0.0948032647052175,1.34460838458057,4.49903987553571,634.420871734619,9,3,555.44661,185.14887
"G404",1997,61.71629,25.13336,"FIN",-0.336189656832861,1.43941164928578,3.43008352741738,695.753812789917,5,6,308.58145,370.29774
"G404",1998,61.71629,25.13336,"FIN",-0.196779198635892,1.10322199245292,4.38911834089725,631.740808486938,13,4,802.31177,246.86516
"G404",1999,61.71629,25.13336,"FIN",0.384815026471117,0.906442793817032,3.63411252095823,780.078411102295,8,5,493.73032,308.58145
"G404",2000,61.71629,25.13336,"FIN",0.088065830465166,1.29125782028815,4.62920876594441,652.309894561767,17,8,1049.17693,493.73032
"G404",2001,61.71629,25.13336,"FIN",-0.00424558602670122,1.37932365075332,5.57461317927461,724.952220916748,27,3,1666.33983,185.14887
"G404",2002,61.71629,25.13336,"FIN",0.106751386537384,1.37507806472661,4.06889940723439,706.457376480103,9,8,555.44661,493.73032
"G404",2003,61.71629,25.13336,"FIN",-0.463087355501617,1.481829451264,4.30955215175405,577.292203903198,11,8,678.87919,493.73032
"G404",2004,61.71629,25.13336,"FIN",-0.172714420398003,1.01874209576238,4.19981213922372,622.095108032226,14,6,864.02806,370.29774
"G404",2005,61.71629,25.13336,"FIN",0.55057264211826,0.846027675364379,4.42427570641803,770.743370056152,8,7,493.73032,432.01403
"G404",2006,61.71629,25.13336,"FIN",-0.362172412457236,1.39660031748264,4.96663695034916,709.474563598633,20,5,1234.3258,308.58145
"G404",2007,61.71629,25.13336,"FIN",-0.0181468804825726,1.0344279050254,5.05422880268535,609.333753585815,38,4,2345.21902,246.86516
"G404",2008,61.71629,25.13336,"FIN",-0.234453871610403,1.01628102454283,5.24400490887089,703.837871551514,29,4,1789.77241,246.86516
"G404",2009,61.71629,25.13336,"FIN",0.321566017041101,0.781827152932428,5.41403265364186,888.625383377075,11,8,678.87919,493.73032
"G404",2010,61.71629,25.13336,"FIN",-0.278486698671416,1.10339316997353,4.32098052142421,562.660217285156,13,2,802.31177,123.43258
"G404",2011,61.71629,25.13336,"FIN",-0.335932946575604,0.824906471302112,3.06316826354425,640.363693237304,17,1,1049.17693,61.71629
"G404",2012,61.71629,25.13336,"FIN",0.171037696562822,0.488973524726508,5.48353719667756,730.151176452636,23,4,1419.47467,246.86516
"G9542",1986,63.88106,20.06459,"SWE",0.439116895325498,1.26245108973043,0.231296060292152,777.0676612854,3,3,191.64318,191.64318
"G9542",1987,63.88106,20.06459,"SWE",-0.133366260988932,1.70156798505593,1.87356894680358,804.392337799072,4,3,255.52424,191.64318
"G9542",1988,63.88106,20.06459,"SWE",0.466426732558325,1.568201724067,1.08066854607569,770.880460739136,3,8,191.64318,511.04848
"G9542",1989,63.88106,20.06459,"SWE",-0.385293597913178,2.03462845662532,2.83310329353878,710.844278335571,9,4,574.92954,255.52424
"G9542",1990,63.88106,20.06459,"SWE",-0.134787106051856,1.64933485871214,4.23521588295019,722.49698638916,12,8,766.57272,511.04848
"G9542",1991,63.88106,20.06459,"SWE",-0.639486489268586,1.51454775266029,3.95328654459077,816.210746765137,13,11,830.45378,702.69166
"G9542",1992,63.88106,20.06459,"SWE",1.3336487565147,0.8750612633917,3.15020328852684,657.545804977417,8,5,511.04848,319.4053
"G9542",1993,63.88106,20.06459,"SWE",-0.558402496774465,2.2087100199064,3.4819963007026,837.770223617554,12,8,766.57272,511.04848
"G9542",1994,63.88106,20.06459,"SWE",0.151096186885419,1.65030752313194,2.89350620949108,743.210792541504,14,4,894.33484,255.52424
"G9542",1995,63.88106,20.06459,"SWE",-0.388103945936103,1.80140371001735,2.39771773804271,581.703186035156,5,4,319.4053,255.52424
"G9542",1996,63.88106,20.06459,"SWE",0.0323044391923457,1.41329976408125,3.1448350827988,684.870004653931,5,8,319.4053,511.04848
"G9542",1997,63.88106,20.06459,"SWE",-0.486562810952504,1.4456042032736,2.63336906433106,647.791624069214,5,8,319.4053,511.04848
"G9542",1998,63.88106,20.06459,"SWE",0.187086643357144,0.959041392321094,3.65467623009533,706.201076507568,12,7,766.57272,447.16742
"G9542",1999,63.88106,20.06459,"SWE",0.732393759822969,1.14612803567824,2.54602279314716,910.15100479126,4,4,255.52424,255.52424
"G9542",2000,63.88106,20.06459,"SWE",-0.96470794311749,1.87852179550121,3.22684584142956,678.397417068481,8,7,511.04848,447.16742
"G9542",2001,63.88106,20.06459,"SWE",0.168971517932733,0.913813852383717,4.28963480951138,991.95671081543,4,14,255.52424,894.33484
"G9542",2002,63.88106,20.06459,"SWE",0.558688740187649,1.08278537031645,2.73673304379262,825.18744468689,3,5,191.64318,319.4053
"G9542",2003,63.88106,20.06459,"SWE",-0.139046990519667,1.6414741105041,3.3905611325617,578.497886657715,20,7,1277.6212,447.16742
"G9542",2004,63.88106,20.06459,"SWE",-0.271978198606159,1.50242711998443,3.44156174681503,634.377956390381,14,4,894.33484,255.52424
"G9542",2005,63.88106,20.06459,"SWE",0.219800186941087,1.23044892137827,3.20385985800043,717.720508575439,10,7,638.8106,447.16742
"G9542",2006,63.88106,20.06459,"SWE",-0.166947879615811,1.45024910831936,3.84322754324298,762.656211853027,10,3,638.8106,191.64318
"G9542",2007,63.88106,20.06459,"SWE",0.243038048686294,1.28330122870355,4.13507569195477,784.637689590454,19,7,1213.74014,447.16742
"G9542",2008,63.88106,20.06459,"SWE",-0.0791812460476249,1.52633927738984,3.78359426211006,657.635450363159,16,4,1022.09696,255.52424
"G9542",2009,63.88106,20.06459,"SWE",0.505634411701873,1.44715803134222,3.72727485892987,786.055564880371,7,8,447.16742,511.04848
"G9542",2010,63.88106,20.06459,"SWE",-0.246928730760173,1.95279244304409,2.9144074531451,774.631500244141,7,10,447.16742,638.8106
"G9542",2011,63.88106,20.06459,"SWE",-0.161795667933644,1.70586371228392,1.46929764246835,670.051097869873,7,5,447.16742,319.4053
"G9542",2012,63.88106,20.06459,"SWE",-0.00877392430750512,1.54406804435028,4.30767189095554,708.162546157836,12,3,766.57272,191.64318
"G9542",2013,63.88106,20.06459,"SWE",0.0198003285355486,1.53529412004277,2.67254620849106,997.02525138855,2,11,127.76212,702.69166
"G9542",2014,63.88106,20.06459,"SWE",0.331959929472638,1.55509444857832,3.89564013198089,628.924131393432,12,4,766.57272,255.52424
"G9542",2015,63.88106,20.06459,"SWE",-0.242615788583118,1.88705437805096,4.57705562539299,734.977722167969,25,9,1597.0265,574.92954
"G9542",2016,63.88106,20.06459,"SWE",0.132988232921473,1.64443858946784,4.52407775251834,827.399253845215,10,8,638.8106,511.04848
"G9542",2017,63.88106,20.06459,"SWE",0.0184531949547639,1.77742682238931,3.50171121725838,664.993762969971,7,3,447.16742,191.64318
"G9542",2018,63.88106,20.06459,"SWE",-0.356547323513813,1.79588001734408,3.18160307723095,817.901134490967,6,6,383.28636,383.28636
"G10191",1990,67.67527,20.55569,"SWE",0.132625565274591,0.6232492903979,0.770041261089484,715.401649475098,7,12,473.72689,812.10324
"G10191",1991,67.67527,20.55569,"SWE",-0.293476857773535,0.755874855672491,1.0792412570623,726.74822807312,8,6,541.40216,406.05162
"G10191",1992,67.67527,20.55569,"SWE",0.541923375883687,0.462397997898956,-0.173861842394956,735.328197479248,5,10,338.37635,676.7527
"G10191",1993,67.67527,20.55569,"SWE",-0.460253329432367,1.00432137378264,0.348289507812104,643.739223480224,14,1,947.45378,67.67527
"G10191",1994,67.67527,20.55569,"SWE",0.336745547930516,0.544068044350276,-0.1516254703748,743.476867675781,4,11,270.70108,744.42797
"G10191",1995,67.67527,20.55569,"SWE",-0.519085756263199,0.880813592280791,-0.498932072887644,457.900524139404,6,3,406.05162,203.02581
"G10191",1996,67.67527,20.55569,"SWE",-0.131278914639319,0.361727836017593,-0.623675681684631,666.548013687134,4,9,270.70108,609.07743
"G10191",1997,67.67527,20.55569,"SWE",0.288065018499614,0.230448921378274,-0.48661827059604,625.64492225647,2,7,135.35054,473.72689
"G10191",1998,67.67527,20.55569,"SWE",0.0725506671486118,0.518513939877887,0.302238837115852,503.719806671143,14,5,947.45378,338.37635
"G10191",1999,67.67527,20.55569,"SWE",-0.360615685648225,0.591064607026499,-1.487742858608,835.147380828858,5,9,338.37635,609.07743
"G10191",2000,67.67527,20.55569,"SWE",0.403019534201313,0.230448921378274,-0.162072180830703,758.15224647522,5,9,338.37635,609.07743
"G10191",2001,67.67527,20.55569,"SWE",-0.29104577475738,0.633468455579587,1.0918319861963,825.464010238648,11,9,744.42797,609.07743
"G10191",2002,67.67527,20.55569,"SWE",0.270361175897529,0.342422680822206,-0.0182467560789601,732.708930969238,13,3,879.77851,203.02581
"G10191",2003,67.67527,20.55569,"SWE",0.172545978291032,0.612783856719735,-0.121686254353264,539.023160934448,21,7,1421.18067,473.72689
"G10191",2004,67.67527,20.55569,"SWE",-0.35396607085178,0.785329835010767,0.43314859398973,530.839204788208,21,3,1421.18067,203.02581
"G10191",2005,67.67527,20.55569,"SWE",0.308998925335257,0.431363764158987,0.0531492709245184,792.124032974243,11,8,744.42797,541.40216
"G10191",2006,67.67527,20.55569,"SWE",0.151731913196236,0.740362689494244,0.769931845469051,754.024744033813,11,2,744.42797,135.35054
"G10191",2007,67.67527,20.55569,"SWE",-0.106764767679713,0.89209460269048,0.776074594994154,632.282733917236,14,7,947.45378,473.72689
"G10191",2008,67.67527,20.55569,"SWE",0.387856433401507,0.785329835010767,0.639401241633465,700.615167617798,24,5,1624.20648,338.37635
"G10191",2009,67.67527,20.55569,"SWE",-0.00883341262783688,1.17318626841227,0.16954427277892,688.964366912842,7,6,473.72689,406.05162
"G10191",2010,67.67527,20.55569,"SWE",-0.289291592392737,1.16435285578444,0.529716742528661,548.099756240844,9,4,609.07743,270.70108
"G10191",2011,67.67527,20.55569,"SWE",-0.0555173278498314,0.8750612633917,-1.40382882906418,648.139476776123,6,5,406.05162,338.37635
"G10191",2012,67.67527,20.55569,"SWE",-0.138302698166281,0.819543935541869,1.28000507267645,794.755220413208,12,5,812.10324,338.37635
"G10191",2013,67.67527,20.55569,"SWE",-0.0280287236002434,0.681241237375587,-0.70557936961968,794.468402862549,0,6,0,406.05162
"G10191",2014,67.67527,20.55569,"SWE",-0.221848749616356,0.653212513775344,0.693699938630442,737.886905670166,10,7,676.7527,473.72689
"G10191",2015,67.67527,20.55569,"SWE",-0.317420411852151,0.431363764158987,0.948349593001435,597.904443740845,16,3,1082.80432,203.02581
"G10191",2016,67.67527,20.55569,"SWE",0.454258371760158,0.113943352306837,1.24546201871414,791.465997695923,12,6,812.10324,406.05162
"G10191",2017,67.67527,20.55569,"SWE",-0.0768400302327223,0.568201724066995,0.788093284440217,764.668941497803,9,8,609.07743,541.40216
"G10191",2018,67.67527,20.55569,"SWE",0.189879543541314,0.491361693834273,-0.108212579875239,822.207450866699,4,10,270.70108,676.7527
