"","tsGroup","year"
"1","G10008-A",7
"2","G10018-A",5
"3","G10023-A",5
"4","G10032-A",7
"5","G10039-A",13
"6","G10049-A",7
"7","G10055-A",12
"8","G10056-A",12
"9","G10057-A",12
"10","G10068-A",5
"11","G10072-A",10
"12","G1008-A",21
"13","G10081-A",11
"14","G10084-A",5
"15","G10085-A",6
"16","G10087-A",6
"17","G10092-A",17
"18","G10093-A",17
"19","G10094-A",17
"20","G10106-A",10
"21","G10109-A",20
"22","G10109-B",7
"23","G10119-A",20
"24","G10120-A",19
"25","G10120-B",14
"26","G10125-A",9
"27","G10130-A",15
"28","G10130-B",5
"29","G10130-C",5
"30","G10135-A",5
"31","G10135-B",5
"32","G10135-C",6
"33","G10137-A",11
"34","G10139-A",12
"35","G10142-A",5
"36","G10143-A",5
"37","G10144-A",11
"38","G10146-A",5
"39","G10150-A",11
"40","G10151-A",5
"41","G10151-B",5
"42","G10152-A",11
"43","G10153-A",7
"44","G10153-B",5
"45","G10154-A",7
"46","G10154-B",5
"47","G10156-A",6
"48","G10159-A",11
"49","G10160-A",11
"50","G10162-A",13
"51","G10164-A",9
"52","G10164-B",5
"53","G10164-C",7
"54","G10167-A",9
"55","G10168-A",13
"56","G10170-A",9
"57","G10170-B",9
"58","G10172-A",7
"59","G10172-B",5
"60","G10173-A",27
"61","G10179-A",15
"62","G10179-B",5
"63","G10181-A",18
"64","G10181-B",6
"65","G10184-A",10
"66","G10186-A",10
"67","G10186-B",9
"68","G10191-A",30
"69","G10197-A",10
"70","G10198-A",7
"71","G10200-A",8
"72","G10200-B",7
"73","G10200-C",6
"74","G10203-A",5
"75","G10204-A",7
"76","G10205-A",7
"77","G10207-A",11
"78","G10215-A",12
"79","G10217-A",12
"80","G10218-A",12
"81","G10221-A",11
"82","G10222-A",18
"83","G10224-A",12
"84","G10225-A",9
"85","G10232-A",12
"86","G10233-A",7
"87","G10233-B",7
"88","G10241-A",6
"89","G10244-A",8
"90","G10245-A",7
"91","G10247-A",12
"92","G10250-A",11
"93","G10250-B",13
"94","G10251-A",9
"95","G10255-A",7
"96","G10258-A",26
"97","G10259-A",5
"98","G10259-B",20
"99","G10260-A",6
"100","G10261-A",20
"101","G10262-A",20
"102","G10262-B",7
"103","G10264-A",18
"104","G10265-A",10
"105","G10266-A",19
"106","G10267-A",5
"107","G10267-B",20
"108","G10269-A",18
"109","G10269-B",9
"110","G10272-A",16
"111","G10275-A",23
"112","G10276-A",19
"113","G10277-A",17
"114","G10277-B",8
"115","G10278-A",5
"116","G10282-A",5
"117","G10282-B",20
"118","G10283-A",6
"119","G10284-A",5
"120","G10284-B",9
"121","G10285-A",6
"122","G10285-B",13
"123","G10286-A",12
"124","G10288-A",5
"125","G10291-A",26
"126","G10292-A",23
"127","G10293-A",15
"128","G10295-A",6
"129","G10297-A",23
"130","G10300-A",5
"131","G10300-B",6
"132","G10302-A",5
"133","G10305-A",7
"134","G10307-A",26
"135","G10308-A",22
"136","G10309-A",6
"137","G10310-A",6
"138","G10310-B",13
"139","G10311-A",5
"140","G10311-B",11
"141","G10311-C",5
"142","G10313-A",8
"143","G10313-B",10
"144","G10314-A",7
"145","G10319-A",5
"146","G10319-B",5
"147","G10319-C",7
"148","G10329-A",18
"149","G10329-B",7
"150","G10330-A",10
"151","G10330-B",6
"152","G10334-A",16
"153","G10334-B",9
"154","G10335-A",7
"155","G10335-B",14
"156","G10337-A",10
"157","G10337-B",10
"158","G10339-A",7
"159","G10342-A",15
"160","G10342-B",10
"161","G10343-A",15
"162","G10345-A",28
"163","G10347-A",23
"164","G10349-A",5
"165","G10350-A",10
"166","G10350-B",17
"167","G10352-A",30
"168","G10353-A",29
"169","G10354-A",10
"170","G10357-A",7
"171","G10358-A",23
"172","G10359-A",18
"173","G10359-B",8
"174","G10362-A",26
"175","G10363-A",16
"176","G10363-B",10
"177","G10365-A",14
"178","G10367-A",26
"179","G10373-A",5
"180","G10373-B",7
"181","G10375-A",11
"182","G10375-B",6
"183","G10375-C",7
"184","G10376-A",5
"185","G10379-A",6
"186","G10380-A",5
"187","G10380-B",11
"188","G10380-C",8
"189","G10381-A",7
"190","G10384-A",20
"191","G10386-A",5
"192","G10388-A",6
"193","G10392-A",5
"194","G10394-A",5
"195","G10394-B",20
"196","G10395-A",9
"197","G10395-B",11
"198","G10397-A",16
"199","G10397-B",7
"200","G10399-A",17
"201","G10400-A",7
"202","G10404-A",11
"203","G10404-B",5
"204","G10405-A",11
"205","G10406-A",23
"206","G10407-A",10
"207","G10409-A",22
"208","G10410-A",11
"209","G10410-B",5
"210","G10413-A",5
"211","G10416-A",5
"212","G10416-B",13
"213","G10420-A",16
"214","G10423-A",8
"215","G10426-A",16
"216","G10431-A",5
"217","G10431-B",21
"218","G10438-A",12
"219","G10439-A",13
"220","G10442-A",6
"221","G10443-A",7
"222","G10446-A",5
"223","G10447-A",7
"224","G10452-A",29
"225","G10461-A",8
"226","G10462-A",6
"227","G10468-A",5
"228","G10468-B",11
"229","G10470-A",17
"230","G10472-A",7
"231","G10477-A",6
"232","G10479-A",26
"233","G10481-A",11
"234","G10481-B",5
"235","G10481-C",8
"236","G10483-A",7
"237","G10486-A",5
"238","G10486-B",10
"239","G10487-A",12
"240","G10494-A",21
"241","G10497-A",10
"242","G10497-B",7
"243","G10498-A",6
"244","G10499-A",5
"245","G10499-B",8
"246","G10500-A",6
"247","G10500-B",10
"248","G10501-A",7
"249","G10503-A",5
"250","G10504-A",17
"251","G10505-A",5
"252","G10505-B",8
"253","G10506-A",6
"254","G10509-A",13
"255","G10509-B",7
"256","G10512-A",6
"257","G10512-B",22
"258","G10512-C",10
"259","G10514-A",9
"260","G10514-B",11
"261","G10515-A",7
"262","G10515-B",7
"263","G10517-A",15
"264","G10517-B",10
"265","G10520-A",7
"266","G10520-B",9
"267","G10521-A",8
"268","G10523-A",8
"269","G10524-A",5
"270","G10536-A",6
"271","G10536-B",5
"272","G10538-A",7
"273","G10543-A",7
"274","G10545-A",13
"275","G10549-A",13
"276","G10550-A",23
"277","G10551-A",8
"278","G10556-A",31
"279","G10557-A",5
"280","G10558-A",8
"281","G10561-A",20
"282","G10561-B",8
"283","G10566-A",7
"284","G10567-A",24
"285","G10568-A",9
"286","G10568-B",13
"287","G10569-A",6
"288","G10571-A",7
"289","G10575-A",11
"290","G10578-A",6
"291","G10581-A",17
"292","G10582-A",18
"293","G10583-A",17
"294","G10585-A",30
"295","G10590-A",7
"296","G10593-A",6
"297","G10594-A",5
"298","G10594-B",19
"299","G10595-A",26
"300","G10601-A",26
"301","G10604-A",9
"302","G10604-B",16
"303","G10623-A",6
"304","G10626-A",23
"305","G10630-A",25
"306","G10643-A",5
"307","G10643-B",5
"308","G10644-A",5
"309","G10646-A",5
"310","G10650-A",6
"311","G10653-A",8
"312","G10653-B",11
"313","G10660-A",6
"314","G10664-A",9
"315","G10666-A",5
"316","G10666-B",10
"317","G10672-A",6
"318","G10672-B",6
"319","G10677-A",5
"320","G10681-A",5
"321","G10685-A",10
"322","G10687-A",9
"323","G10689-A",7
"324","G10691-A",24
"325","G10693-A",10
"326","G10694-A",10
"327","G10696-A",22
"328","G10697-A",5
"329","G10700-A",26
"330","G10701-A",17
"331","G10702-A",8
"332","G10703-A",5
"333","G10705-A",17
"334","G10714-A",6
"335","G10720-A",8
"336","G10720-B",10
"337","G10721-A",8
"338","G10723-A",18
"339","G10723-B",10
"340","G10727-A",7
"341","G10729-A",5
"342","G10733-A",6
"343","G10736-A",6
"344","G10738-A",6
"345","G10739-A",6
"346","G10740-A",6
"347","G10741-A",27
"348","G10747-A",5
"349","G10749-A",6
"350","G10752-A",17
"351","G10757-A",7
"352","G10761-A",11
"353","G10762-A",7
"354","G10764-A",13
"355","G10764-B",7
"356","G10764-C",6
"357","G10775-A",5
"358","G10775-B",5
"359","G10777-A",9
"360","G10778-A",5
"361","G10782-A",10
"362","G10783-A",7
"363","G10785-A",5
"364","G10786-A",7
"365","G10788-A",7
"366","G10788-B",12
"367","G10790-A",14
"368","G10793-A",6
"369","G10798-A",10
"370","G10800-A",20
"371","G10801-A",5
"372","G10804-A",5
"373","G10804-B",8
"374","G10806-A",7
"375","G10807-A",6
"376","G10807-B",14
"377","G10808-A",9
"378","G10812-A",13
"379","G10813-A",10
"380","G10815-A",17
"381","G10817-A",5
"382","G10820-A",17
"383","G10820-B",6
"384","G10821-A",22
"385","G10822-A",17
"386","G10826-A",24
"387","G10828-A",23
"388","G10832-A",8
"389","G10832-B",6
"390","G10838-A",8
"391","G10840-A",8
"392","G10841-A",5
"393","G10843-A",6
"394","G10845-A",5
"395","G10846-A",12
"396","G10846-B",5
"397","G10846-C",8
"398","G10849-A",11
"399","G10850-A",9
"400","G10853-A",5
"401","G10854-A",28
"402","G10855-A",24
"403","G10858-A",5
"404","G10858-B",10
"405","G10859-A",17
"406","G10859-B",12
"407","G10860-A",6
"408","G10863-A",26
"409","G10865-A",9
"410","G10866-A",5
"411","G10867-A",16
"412","G10867-B",7
"413","G10867-C",8
"414","G10868-A",6
"415","G10868-B",7
"416","G10871-A",26
"417","G10875-A",10
"418","G10876-A",5
"419","G10877-A",11
"420","G10880-A",9
"421","G10881-A",6
"422","G10883-A",6
"423","G10886-A",14
"424","G10887-A",5
"425","G10887-B",7
"426","G10888-A",16
"427","G10888-B",6
"428","G10889-A",11
"429","G10893-A",6
"430","G10893-B",12
"431","G10894-A",7
"432","G10895-A",18
"433","G10896-A",11
"434","G10898-A",9
"435","G10899-A",5
"436","G10900-A",12
"437","G10906-A",21
"438","G10908-A",12
"439","G10908-B",6
"440","G10908-C",6
"441","G10910-A",7
"442","G10913-A",23
"443","G10915-A",5
"444","G10915-B",6
"445","G10917-A",8
"446","G10920-A",15
"447","G10921-A",8
"448","G10922-A",10
"449","G10926-A",8
"450","G10926-B",11
"451","G10927-A",8
"452","G10930-A",8
"453","G10932-A",12
"454","G10933-A",10
"455","G10935-A",13
"456","G10938-A",9
"457","G10942-A",8
"458","G10943-A",7
"459","G10947-A",5
"460","G10947-B",9
"461","G10950-A",14
"462","G10952-A",15
"463","G10954-A",8
"464","G10957-A",7
"465","G10958-A",18
"466","G10959-A",11
"467","G10960-A",18
"468","G10961-A",11
"469","G10962-A",12
"470","G10965-A",16
"471","G10966-A",6
"472","G10968-A",36
"473","G10970-A",6
"474","G10970-B",18
"475","G10973-A",7
"476","G10973-B",9
"477","G10973-C",7
"478","G10974-A",5
"479","G10974-B",12
"480","G10977-A",14
"481","G10977-B",11
"482","G10978-A",28
"483","G10979-A",16
"484","G10980-A",19
"485","G10981-A",8
"486","G10982-A",5
"487","G10982-B",7
"488","G10983-A",9
"489","G10985-A",8
"490","G10987-A",11
"491","G10988-A",36
"492","G10990-A",16
"493","G10991-A",10
"494","G10994-A",29
"495","G10995-A",5
"496","G10997-A",5
"497","G11005-A",5
"498","G11013-A",8
"499","G11017-A",8
"500","G11019-A",30
"501","G11023-A",9
"502","G11025-A",9
"503","G11025-B",10
"504","G11029-A",15
"505","G11030-A",7
"506","G11035-A",10
"507","G11043-A",11
"508","G11046-A",5
"509","G11049-A",5
"510","G11054-A",6
"511","G11056-A",9
"512","G11059-A",6
"513","G11059-B",16
"514","G11060-A",7
"515","G11060-B",8
"516","G11061-A",9
"517","G11065-A",12
"518","G11069-A",11
"519","G11069-B",7
"520","G11072-A",11
"521","G11077-A",11
"522","G11080-A",6
"523","G11080-B",9
"524","G11082-A",10
"525","G11083-A",14
"526","G11086-A",8
"527","G11089-A",16
"528","G11090-A",9
"529","G11091-A",6
"530","G11091-B",20
"531","G11092-A",6
"532","G11094-A",6
"533","G11095-A",6
"534","G11096-A",8
"535","G11096-B",13
"536","G11096-C",7
"537","G11097-A",5
"538","G11099-A",5
"539","G11100-A",5
"540","G11103-A",7
"541","G11103-B",6
"542","G11105-A",14
"543","G11110-A",7
"544","G11110-B",6
"545","G11112-A",15
"546","G11116-A",12
"547","G11119-A",14
"548","G11121-A",8
"549","G11123-A",12
"550","G11124-A",12
"551","G11125-A",5
"552","G11127-A",7
"553","G11128-A",5
"554","G11129-A",5
"555","G11138-A",16
"556","G11139-A",6
"557","G11140-A",15
"558","G11141-A",10
"559","G11143-A",5
"560","G11143-B",17
"561","G11144-A",16
"562","G11145-A",11
"563","G11146-A",10
"564","G11147-A",5
"565","G11148-A",23
"566","G11150-A",10
"567","G11154-A",7
"568","G11154-B",5
"569","G11158-A",32
"570","G11159-A",15
"571","G11160-A",15
"572","G11162-A",20
"573","G11165-A",20
"574","G11166-A",15
"575","G11171-A",32
"576","G11175-A",18
"577","G11176-A",6
"578","G11178-A",23
"579","G11181-A",5
"580","G11184-A",20
"581","G11186-A",16
"582","G11187-A",6
"583","G11192-A",13
"584","G11194-A",7
"585","G11196-A",23
"586","G11197-A",5
"587","G11198-A",10
"588","G11201-A",7
"589","G11203-A",5
"590","G11204-A",16
"591","G11208-A",5
"592","G11209-A",10
"593","G11211-A",5
"594","G11212-A",23
"595","G11213-A",23
"596","G11216-A",13
"597","G11218-A",27
"598","G11219-A",10
"599","G11220-A",16
"600","G11223-A",27
"601","G11225-A",9
"602","G11225-B",6
"603","G11226-A",6
"604","G11227-A",14
"605","G11230-A",7
"606","G11233-A",14
"607","G11234-A",7
"608","G11235-A",9
"609","G11237-A",5
"610","G11237-B",6
"611","G11237-C",5
"612","G11238-A",22
"613","G11239-A",16
"614","G11239-B",5
"615","G11242-A",7
"616","G11243-A",22
"617","G11252-A",7
"618","G11253-A",8
"619","G11253-B",8
"620","G11256-A",6
"621","G11257-A",14
"622","G11258-A",5
"623","G11258-B",5
"624","G11258-C",6
"625","G11260-A",9
"626","G11262-A",16
"627","G11263-A",14
"628","G11264-A",14
"629","G11265-A",22
"630","G11267-A",5
"631","G11268-A",16
"632","G11271-A",5
"633","G11273-A",9
"634","G11273-B",6
"635","G11275-A",10
"636","G11275-B",16
"637","G11279-A",7
"638","G11281-A",9
"639","G11282-A",9
"640","G11283-A",8
"641","G11288-A",6
"642","G11295-A",10
"643","G11299-A",10
"644","G11300-A",5
"645","G11301-A",5
"646","G11302-A",28
"647","G11306-A",6
"648","G11308-A",16
"649","G11309-A",20
"650","G11310-A",19
"651","G11311-A",21
"652","G11311-B",5
"653","G11312-A",19
"654","G11314-A",21
"655","G11315-A",23
"656","G11320-A",6
"657","G11323-A",5
"658","G11323-B",5
"659","G11326-A",7
"660","G11326-B",5
"661","G11326-C",7
"662","G11327-A",8
"663","G11330-A",8
"664","G11330-B",17
"665","G11333-A",7
"666","G11334-A",6
"667","G11334-B",15
"668","G11335-A",13
"669","G11341-A",6
"670","G11346-A",6
"671","G11347-A",12
"672","G11347-B",16
"673","G11348-A",12
"674","G11348-B",6
"675","G11352-A",17
"676","G11352-B",9
"677","G11354-A",27
"678","G11356-A",20
"679","G11358-A",5
"680","G11359-A",10
"681","G11360-A",7
"682","G11363-A",5
"683","G11364-A",6
"684","G11364-B",10
"685","G11366-A",7
"686","G11367-A",10
"687","G11367-B",6
"688","G11368-A",13
"689","G11370-A",11
"690","G11372-A",10
"691","G11373-A",13
"692","G11373-B",8
"693","G11374-A",10
"694","G11374-B",7
"695","G11375-A",8
"696","G11375-B",7
"697","G11375-C",6
"698","G11376-A",6
"699","G11376-B",6
"700","G11377-A",7
"701","G11378-A",6
"702","G11379-A",6
"703","G11381-A",6
"704","G11383-A",5
"705","G11386-A",7
"706","G11386-B",10
"707","G11389-A",12
"708","G11390-A",11
"709","G11394-A",15
"710","G11396-A",16
"711","G11397-A",7
"712","G11398-A",16
"713","G11402-A",10
"714","G11405-A",7
"715","G11411-A",19
"716","G11412-A",5
"717","G11414-A",18
"718","G11415-A",19
"719","G11419-A",12
"720","G11421-A",10
"721","G11422-A",11
"722","G11429-A",5
"723","G11429-B",13
"724","G11430-A",6
"725","G11431-A",5
"726","G11433-A",7
"727","G11434-A",6
"728","G11440-A",9
"729","G11440-B",5
"730","G11442-A",11
"731","G11446-A",6
"732","G11454-A",8
"733","G11458-A",14
"734","G11464-A",12
"735","G11464-B",7
"736","G11465-A",8
"737","G11465-B",7
"738","G11469-A",9
"739","G11469-B",7
"740","G11470-A",6
"741","G11472-A",22
"742","G11473-A",39
"743","G11476-A",12
"744","G11476-B",6
"745","G11478-A",23
"746","G11479-A",24
"747","G11480-A",24
"748","G11483-A",5
"749","G11486-A",7
"750","G11487-A",6
"751","G11488-A",17
"752","G11489-A",10
"753","G11490-A",9
"754","G11490-B",7
"755","G11496-A",5
"756","G11497-A",5
"757","G11497-B",10
"758","G11497-C",7
"759","G11498-A",10
"760","G11499-A",5
"761","G11499-B",5
"762","G11499-C",6
"763","G11501-A",10
"764","G11502-A",14
"765","G11502-B",7
"766","G11503-A",5
"767","G11503-B",14
"768","G11504-A",16
"769","G11508-A",7
"770","G11509-A",15
"771","G11510-A",14
"772","G11511-A",6
"773","G11516-A",11
"774","G11518-A",5
"775","G11518-B",5
"776","G11524-A",7
"777","G11525-A",17
"778","G11527-A",5
"779","G11528-A",5
"780","G11529-A",7
"781","G11529-B",6
"782","G11530-A",17
"783","G11531-A",5
"784","G11532-A",14
"785","G11535-A",6
"786","G11541-A",17
"787","G11544-A",9
"788","G11545-A",9
"789","G11546-A",17
"790","G11547-A",11
"791","G11550-A",17
"792","G11552-A",20
"793","G11553-A",20
"794","G11555-A",11
"795","G11556-A",18
"796","G11557-A",11
"797","G11559-A",8
"798","G11560-A",18
"799","G11566-A",7
"800","G11567-A",20
"801","G11569-A",18
"802","G11570-A",7
"803","G11576-A",17
"804","G11577-A",17
"805","G11578-A",8
"806","G11581-A",17
"807","G11587-A",9
"808","G11598-A",19
"809","G11642-A",9
"810","G11662-A",5
"811","G11669-A",8
"812","G11669-B",7
"813","G11678-A",18
"814","G11680-A",19
"815","G11684-A",18
"816","G11703-A",7
"817","G11707-A",9
"818","G11714-A",17
"819","G11716-A",12
"820","G11717-A",17
"821","G11719-A",14
"822","G11719-B",11
"823","G11746-A",19
"824","G11750-A",10
"825","G11751-A",5
"826","G11755-A",6
"827","G11758-A",17
"828","G11760-A",6
"829","G11762-A",17
"830","G11763-A",16
"831","G11794-A",6
"832","G11806-A",12
"833","G11806-B",6
"834","G11817-A",5
"835","G11825-A",10
"836","G11828-A",6
"837","G11828-B",12
"838","G11828-C",7
"839","G11830-A",6
"840","G11836-A",8
"841","G11839-A",9
"842","G11842-A",6
"843","G11842-B",18
"844","G11843-A",15
"845","G11843-B",6
"846","G11845-A",12
"847","G11850-A",5
"848","G11850-B",17
"849","G11853-A",24
"850","G11854-A",22
"851","G11864-A",6
"852","G11864-B",8
"853","G11865-A",5
"854","G11870-A",10
"855","G11874-A",5
"856","G11874-B",11
"857","G11875-A",6
"858","G11877-A",7
"859","G11877-B",20
"860","G11878-A",11
"861","G11879-A",14
"862","G11880-A",15
"863","G11881-A",15
"864","G11882-A",11
"865","G11891-A",18
"866","G11897-A",5
"867","G11899-A",18
"868","G11899-B",7
"869","G11901-A",12
"870","G11909-A",9
"871","G11912-A",6
"872","G11912-B",6
"873","G11923-A",6
"874","G11924-A",9
"875","G11931-A",7
"876","G11931-B",10
"877","G11933-A",12
"878","G11945-A",11
"879","G11955-A",18
"880","G11965-A",11
"881","G11967-A",9
"882","G11967-B",5
"883","G11971-A",6
"884","G11976-A",8
"885","G11979-A",16
"886","G11985-A",10
"887","G11986-A",5
"888","G11986-B",7
"889","G11987-A",13
"890","G11988-A",12
"891","G11990-A",5
"892","G11994-A",5
"893","G11995-A",9
"894","G11996-A",5
"895","G12002-A",7
"896","G12003-A",9
"897","G12013-A",9
"898","G12015-A",9
"899","G12015-B",9
"900","G12027-A",15
"901","G12038-A",9
"902","G12039-A",5
"903","G12039-B",8
"904","G12047-A",9
"905","G12050-A",5
"906","G12051-A",7
"907","G12058-A",11
"908","G12076-A",12
"909","G12077-A",12
"910","G12083-A",12
"911","G12096-A",10
"912","G12096-B",6
"913","G12102-A",6
"914","G12111-A",7
"915","G12122-A",15
"916","G12128-A",6
"917","G12136-A",8
"918","G12137-A",6
"919","G12141-A",6
"920","G12145-A",17
"921","G12145-B",11
"922","G12154-A",22
"923","G12195-A",7
"924","G12195-B",7
"925","G12786-A",17
"926","G12788-A",7
"927","G12789-A",8
"928","G12794-A",14
"929","G12795-A",6
"930","G1390-A",5
"931","G1408-A",5
"932","G1442-A",5
"933","G1443-A",5
"934","G1444-A",5
"935","G1447-A",5
"936","G1489-A",5
"937","G1490-A",5
"938","G1497-A",5
"939","G1752-A",10
"940","G1790-A",9
"941","G1791-A",6
"942","G1794-A",6
"943","G1836-A",8
"944","G1851-A",5
"945","G1877-A",5
"946","G1877-B",20
"947","G1954-A",5
"948","G1960-A",7
"949","G1960-B",7
"950","G2061-A",8
"951","G2063-A",8
"952","G2065-A",10
"953","G2070-A",9
"954","G2073-A",11
"955","G2074-A",5
"956","G2076-A",7
"957","G2079-A",8
"958","G2088-A",15
"959","G2092-A",8
"960","G2094-A",5
"961","G2096-A",13
"962","G2098-A",11
"963","G2102-A",8
"964","G2107-A",10
"965","G2113-A",5
"966","G2116-A",8
"967","G2121-A",9
"968","G2122-A",17
"969","G2124-A",11
"970","G2125-A",14
"971","G2128-A",5
"972","G2128-B",5
"973","G2134-A",9
"974","G2136-A",10
"975","G2138-A",9
"976","G2139-A",12
"977","G2139-B",9
"978","G2140-A",10
"979","G2146-A",6
"980","G2147-A",12
"981","G2148-A",5
"982","G2148-B",5
"983","G2155-A",8
"984","G2158-A",7
"985","G2170-A",10
"986","G2175-A",11
"987","G2176-A",7
"988","G2187-A",15
"989","G2188-A",14
"990","G2192-A",5
"991","G2199-A",7
"992","G2201-A",5
"993","G2211-A",11
"994","G2212-A",5
"995","G2213-A",5
"996","G2227-A",8
"997","G2230-A",8
"998","G2231-A",5
"999","G2231-B",10
"1000","G2235-A",9
"1001","G2237-A",9
"1002","G2238-A",12
"1003","G2238-B",6
"1004","G2240-A",11
"1005","G2253-A",7
"1006","G2253-B",5
"1007","G2259-A",11
"1008","G2264-A",6
"1009","G2265-A",11
"1010","G2268-A",12
"1011","G2268-B",6
"1012","G2270-A",5
"1013","G2271-A",11
"1014","G2272-A",6
"1015","G2276-A",12
"1016","G2276-B",6
"1017","G2279-A",7
"1018","G2280-A",5
"1019","G2281-A",10
"1020","G2282-A",15
"1021","G2284-A",5
"1022","G2286-A",6
"1023","G2290-A",9
"1024","G2291-A",10
"1025","G2297-A",8
"1026","G2300-A",15
"1027","G2301-A",7
"1028","G2302-A",11
"1029","G2303-A",11
"1030","G2310-A",5
"1031","G2311-A",9
"1032","G2314-A",5
"1033","G2318-A",11
"1034","G2328-A",11
"1035","G2328-B",6
"1036","G2333-A",12
"1037","G2337-A",5
"1038","G2338-A",11
"1039","G2341-A",13
"1040","G2351-A",11
"1041","G2352-A",9
"1042","G2362-A",5
"1043","G2364-A",7
"1044","G2368-A",9
"1045","G2369-A",12
"1046","G2372-A",8
"1047","G2373-A",13
"1048","G2374-A",10
"1049","G2374-B",6
"1050","G2383-A",6
"1051","G2384-A",10
"1052","G2387-A",5
"1053","G2389-A",6
"1054","G2391-A",5
"1055","G2397-A",11
"1056","G2401-A",13
"1057","G2402-A",5
"1058","G2406-A",6
"1059","G2413-A",13
"1060","G2417-A",11
"1061","G2417-B",6
"1062","G2424-A",11
"1063","G2426-A",5
"1064","G2426-B",5
"1065","G2433-A",10
"1066","G2436-A",13
"1067","G2438-A",9
"1068","G2447-A",7
"1069","G2450-A",11
"1070","G2453-A",6
"1071","G2471-A",13
"1072","G2483-A",10
"1073","G2499-A",11
"1074","G2502-A",11
"1075","G2503-A",6
"1076","G2522-A",6
"1077","G2533-A",12
"1078","G2533-B",6
"1079","G2535-A",13
"1080","G2545-A",8
"1081","G2546-A",8
"1082","G2560-A",9
"1083","G2565-A",5
"1084","G2578-A",7
"1085","G2598-A",13
"1086","G2607-A",8
"1087","G2615-A",11
"1088","G2616-A",6
"1089","G2618-A",6
"1090","G2634-A",10
"1091","G2640-A",8
"1092","G2642-A",8
"1093","G2662-A",8
"1094","G2665-A",13
"1095","G2672-A",5
"1096","G2674-A",6
"1097","G2676-A",7
"1098","G2694-A",5
"1099","G2710-A",5
"1100","G2716-A",6
"1101","G2723-A",5
"1102","G2726-A",11
"1103","G2728-A",6
"1104","G2730-A",5
"1105","G2745-A",8
"1106","G2757-A",5
"1107","G2760-A",5
"1108","G2764-A",7
"1109","G2770-A",9
"1110","G2780-A",5
"1111","G2784-A",13
"1112","G2803-A",5
"1113","G2824-A",12
"1114","G2834-A",5
"1115","G2837-A",5
"1116","G2840-A",17
"1117","G2853-A",8
"1118","G2859-A",8
"1119","G2864-A",10
"1120","G289-A",7
"1121","G2905-A",12
"1122","G291-A",6
"1123","G2912-A",12
"1124","G2914-A",12
"1125","G2915-A",6
"1126","G2916-A",12
"1127","G2917-A",5
"1128","G2924-A",10
"1129","G2925-A",6
"1130","G2934-A",5
"1131","G2937-A",12
"1132","G2951-A",5
"1133","G2959-A",8
"1134","G2959-B",6
"1135","G2961-A",18
"1136","G2964-A",5
"1137","G298-A",9
"1138","G2981-A",8
"1139","G2982-A",10
"1140","G2984-A",5
"1141","G299-A",6
"1142","G300-A",9
"1143","G3017-A",5
"1144","G3018-A",5
"1145","G3019-A",6
"1146","G3022-A",10
"1147","G3028-A",7
"1148","G3030-A",5
"1149","G3030-B",6
"1150","G3031-A",6
"1151","G304-A",8
"1152","G3042-A",6
"1153","G3044-A",5
"1154","G3044-B",13
"1155","G3055-A",10
"1156","G306-A",8
"1157","G3061-A",5
"1158","G3064-A",10
"1159","G3066-A",5
"1160","G3077-A",5
"1161","G3079-A",10
"1162","G3082-A",6
"1163","G3088-A",5
"1164","G3089-A",5
"1165","G3091-A",5
"1166","G3092-A",7
"1167","G3107-A",5
"1168","G311-A",11
"1169","G3111-A",5
"1170","G3116-A",11
"1171","G3117-A",8
"1172","G3118-A",5
"1173","G3126-A",5
"1174","G3137-A",7
"1175","G3141-A",5
"1176","G3141-B",5
"1177","G3143-A",7
"1178","G3145-A",5
"1179","G3158-A",5
"1180","G3159-A",5
"1181","G3163-A",5
"1182","G3164-A",10
"1183","G3179-A",5
"1184","G3183-A",6
"1185","G3194-A",6
"1186","G3197-A",5
"1187","G3199-A",6
"1188","G3199-B",5
"1189","G3205-A",5
"1190","G3205-B",11
"1191","G3205-C",6
"1192","G3207-A",8
"1193","G3219-A",5
"1194","G3222-A",7
"1195","G3223-A",5
"1196","G3223-B",14
"1197","G3225-A",5
"1198","G3227-A",12
"1199","G3232-A",13
"1200","G3237-A",5
"1201","G324-A",9
"1202","G3247-A",10
"1203","G3254-A",13
"1204","G3258-A",5
"1205","G3259-A",5
"1206","G3264-A",5
"1207","G3264-B",5
"1208","G3265-A",6
"1209","G3268-A",6
"1210","G3269-A",14
"1211","G3273-A",13
"1212","G3274-A",14
"1213","G3275-A",11
"1214","G3277-A",6
"1215","G3278-A",8
"1216","G3278-B",5
"1217","G3280-A",12
"1218","G3281-A",6
"1219","G3293-A",5
"1220","G3298-A",13
"1221","G3302-A",6
"1222","G3309-A",7
"1223","G3313-A",5
"1224","G3317-A",9
"1225","G3318-A",6
"1226","G3353-A",9
"1227","G3355-A",9
"1228","G3359-A",6
"1229","G3364-A",10
"1230","G3378-A",12
"1231","G3379-A",7
"1232","G338-A",5
"1233","G340-A",5
"1234","G3407-A",7
"1235","G341-A",5
"1236","G3425-A",9
"1237","G3435-A",10
"1238","G3444-A",8
"1239","G3455-A",9
"1240","G3456-A",6
"1241","G3460-A",5
"1242","G3466-A",6
"1243","G3470-A",6
"1244","G3471-A",5
"1245","G3472-A",6
"1246","G3477-A",9
"1247","G3478-A",9
"1248","G3481-A",9
"1249","G3485-A",7
"1250","G3485-B",6
"1251","G3488-A",5
"1252","G3489-A",8
"1253","G349-A",5
"1254","G3494-A",10
"1255","G3505-A",5
"1256","G3507-A",9
"1257","G351-A",13
"1258","G3512-A",9
"1259","G3513-A",9
"1260","G3521-A",12
"1261","G3523-A",8
"1262","G3523-B",8
"1263","G353-A",5
"1264","G353-B",11
"1265","G3533-A",6
"1266","G3533-B",9
"1267","G354-A",9
"1268","G3544-A",5
"1269","G355-A",5
"1270","G355-B",6
"1271","G356-A",5
"1272","G3560-A",9
"1273","G3568-A",9
"1274","G3573-A",12
"1275","G3579-A",9
"1276","G359-A",7
"1277","G3590-A",8
"1278","G3595-A",17
"1279","G3599-A",9
"1280","G3608-A",7
"1281","G3614-A",13
"1282","G3617-A",6
"1283","G3620-A",6
"1284","G3620-B",5
"1285","G3626-A",9
"1286","G3630-A",9
"1287","G3631-A",5
"1288","G3637-A",6
"1289","G3640-A",5
"1290","G3643-A",6
"1291","G3643-B",6
"1292","G366-A",11
"1293","G367-A",7
"1294","G3682-A",5
"1295","G3687-A",6
"1296","G369-A",7
"1297","G3690-A",9
"1298","G3704-A",9
"1299","G3729-A",10
"1300","G373-A",9
"1301","G3734-A",5
"1302","G3737-A",6
"1303","G3741-A",5
"1304","G3747-A",9
"1305","G3757-A",5
"1306","G3765-A",8
"1307","G3766-A",5
"1308","G3768-A",5
"1309","G377-A",5
"1310","G3770-A",12
"1311","G378-A",10
"1312","G3789-A",12
"1313","G3793-A",9
"1314","G3797-A",10
"1315","G3798-A",10
"1316","G3800-A",10
"1317","G3802-A",10
"1318","G3803-A",10
"1319","G381-A",13
"1320","G3812-A",10
"1321","G3824-A",7
"1322","G3828-A",10
"1323","G3836-A",12
"1324","G3842-A",6
"1325","G3848-A",10
"1326","G3851-A",8
"1327","G3859-A",10
"1328","G3859-B",7
"1329","G3896-A",6
"1330","G3896-B",5
"1331","G390-A",5
"1332","G3911-A",10
"1333","G3913-A",10
"1334","G3918-A",6
"1335","G3923-A",13
"1336","G3924-A",8
"1337","G3934-A",9
"1338","G3949-A",7
"1339","G3972-A",9
"1340","G3972-B",7
"1341","G3975-A",6
"1342","G3976-A",9
"1343","G3976-B",8
"1344","G4009-A",5
"1345","G4036-A",5
"1346","G404-A",29
"1347","G4045-A",5
"1348","G4058-A",9
"1349","G4059-A",5
"1350","G4067-A",5
"1351","G4070-A",15
"1352","G4072-A",5
"1353","G4074-A",5
"1354","G4077-A",5
"1355","G4080-A",15
"1356","G4082-A",5
"1357","G4082-B",7
"1358","G4087-A",15
"1359","G4092-A",6
"1360","G4096-A",9
"1361","G4099-A",5
"1362","G4104-A",10
"1363","G4112-A",9
"1364","G4114-A",5
"1365","G4116-A",10
"1366","G412-A",29
"1367","G4127-A",10
"1368","G4130-A",5
"1369","G4133-A",5
"1370","G4141-A",6
"1371","G4143-A",5
"1372","G4144-A",8
"1373","G415-A",6
"1374","G4174-A",9
"1375","G4181-A",9
"1376","G4181-B",7
"1377","G4183-A",9
"1378","G4184-A",9
"1379","G4192-A",9
"1380","G4200-A",12
"1381","G4209-A",13
"1382","G4210-A",10
"1383","G4214-A",9
"1384","G4215-A",6
"1385","G4216-A",11
"1386","G4233-A",12
"1387","G4242-A",10
"1388","G4244-A",9
"1389","G4245-A",12
"1390","G4252-A",8
"1391","G4256-A",9
"1392","G4256-B",5
"1393","G4260-A",9
"1394","G4260-B",7
"1395","G4274-A",9
"1396","G4274-B",7
"1397","G4287-A",10
"1398","G4287-B",5
"1399","G4288-A",5
"1400","G4294-A",9
"1401","G4296-A",10
"1402","G4297-A",9
"1403","G4302-A",9
"1404","G4305-A",9
"1405","G4307-A",8
"1406","G4313-A",9
"1407","G4320-A",6
"1408","G4325-A",12
"1409","G4329-A",10
"1410","G4330-A",9
"1411","G4330-B",7
"1412","G4333-A",8
"1413","G4338-A",9
"1414","G4345-A",5
"1415","G4349-A",10
"1416","G4353-A",9
"1417","G4356-A",9
"1418","G436-A",8
"1419","G4361-A",10
"1420","G4363-A",11
"1421","G4380-A",6
"1422","G4382-A",11
"1423","G4383-A",5
"1424","G4396-A",7
"1425","G4397-A",9
"1426","G4398-A",10
"1427","G4405-A",7
"1428","G4411-A",13
"1429","G442-A",7
"1430","G4423-A",13
"1431","G4423-B",6
"1432","G4427-A",10
"1433","G4430-A",9
"1434","G4431-A",9
"1435","G4432-A",10
"1436","G4433-A",5
"1437","G4436-A",10
"1438","G4438-A",7
"1439","G4439-A",7
"1440","G4440-A",5
"1441","G4442-A",10
"1442","G4445-A",5
"1443","G445-A",11
"1444","G4452-A",10
"1445","G4454-A",10
"1446","G4459-A",9
"1447","G4461-A",9
"1448","G4463-A",7
"1449","G4465-A",7
"1450","G4469-A",7
"1451","G447-A",12
"1452","G4471-A",5
"1453","G4472-A",9
"1454","G4478-A",8
"1455","G4478-B",11
"1456","G4479-A",7
"1457","G4499-A",12
"1458","G450-A",5
"1459","G450-B",13
"1460","G4502-A",8
"1461","G4509-A",10
"1462","G4511-A",15
"1463","G4511-B",5
"1464","G4513-A",9
"1465","G4514-A",5
"1466","G4515-A",5
"1467","G4520-A",9
"1468","G4520-B",17
"1469","G4522-A",9
"1470","G4522-B",12
"1471","G4523-A",6
"1472","G4537-A",7
"1473","G4537-B",5
"1474","G4539-A",5
"1475","G4539-B",5
"1476","G4539-C",5
"1477","G454-A",5
"1478","G4540-A",8
"1479","G4541-A",15
"1480","G4541-B",6
"1481","G4542-A",5
"1482","G4542-B",5
"1483","G4543-A",5
"1484","G4543-B",9
"1485","G4544-A",5
"1486","G4544-B",6
"1487","G4546-A",5
"1488","G4547-A",5
"1489","G4547-B",5
"1490","G4547-C",11
"1491","G4550-A",5
"1492","G4551-A",8
"1493","G4561-A",5
"1494","G4561-B",5
"1495","G4561-C",5
"1496","G4563-A",5
"1497","G4563-B",5
"1498","G4565-A",5
"1499","G4568-A",5
"1500","G4574-A",10
"1501","G4583-A",9
"1502","G4587-A",5
"1503","G4597-A",5
"1504","G4599-A",14
"1505","G4608-A",11
"1506","G4627-A",12
"1507","G4637-A",5
"1508","G4639-A",8
"1509","G464-A",13
"1510","G4643-A",7
"1511","G4658-A",9
"1512","G4660-A",9
"1513","G4661-A",6
"1514","G4664-A",7
"1515","G4667-A",12
"1516","G4671-A",9
"1517","G4674-A",10
"1518","G4678-A",6
"1519","G468-A",5
"1520","G468-B",8
"1521","G4683-A",13
"1522","G469-A",5
"1523","G469-B",9
"1524","G4690-A",12
"1525","G4691-A",18
"1526","G4696-A",8
"1527","G4699-A",7
"1528","G4705-A",17
"1529","G4728-A",9
"1530","G4735-A",12
"1531","G4736-A",5
"1532","G4739-A",9
"1533","G474-A",7
"1534","G4743-A",5
"1535","G4747-A",6
"1536","G4755-A",5
"1537","G4755-B",5
"1538","G4757-A",5
"1539","G4757-B",5
"1540","G4758-A",9
"1541","G4759-A",5
"1542","G4760-A",6
"1543","G4762-A",7
"1544","G4763-A",5
"1545","G4766-A",5
"1546","G4766-B",5
"1547","G4775-A",12
"1548","G4778-A",5
"1549","G4779-A",5
"1550","G4780-A",5
"1551","G4780-B",17
"1552","G4782-A",5
"1553","G4785-A",5
"1554","G4789-A",5
"1555","G4790-A",5
"1556","G4790-B",5
"1557","G4807-A",5
"1558","G4816-A",10
"1559","G4818-A",13
"1560","G4819-A",12
"1561","G482-A",9
"1562","G4830-A",7
"1563","G4832-A",7
"1564","G4833-A",11
"1565","G4835-A",12
"1566","G4838-A",6
"1567","G4839-A",7
"1568","G4842-A",18
"1569","G4843-A",7
"1570","G4844-A",15
"1571","G4850-A",7
"1572","G4853-A",13
"1573","G4856-A",7
"1574","G4859-A",7
"1575","G4864-A",5
"1576","G4869-A",10
"1577","G487-A",11
"1578","G491-A",9
"1579","G4918-A",8
"1580","G492-A",19
"1581","G494-A",5
"1582","G494-B",6
"1583","G4957-A",7
"1584","G4961-A",9
"1585","G4962-A",11
"1586","G4981-A",6
"1587","G4994-A",18
"1588","G5012-A",5
"1589","G5019-A",9
"1590","G502-A",5
"1591","G5020-A",6
"1592","G5036-A",7
"1593","G5062-A",6
"1594","G5073-A",7
"1595","G5095-A",7
"1596","G5106-A",5
"1597","G5118-A",14
"1598","G518-A",5
"1599","G518-B",13
"1600","G5194-A",6
"1601","G5228-A",18
"1602","G524-A",8
"1603","G5261-A",5
"1604","G528-A",9
"1605","G530-A",5
"1606","G531-A",5
"1607","G5317-A",7
"1608","G532-A",19
"1609","G5346-A",7
"1610","G5350-A",5
"1611","G5372-A",5
"1612","G540-A",5
"1613","G541-A",6
"1614","G5416-A",8
"1615","G542-A",11
"1616","G543-A",8
"1617","G5455-A",13
"1618","G5464-A",7
"1619","G5479-A",14
"1620","G5489-A",5
"1621","G5492-A",13
"1622","G550-A",5
"1623","G5509-A",7
"1624","G5525-A",8
"1625","G5530-A",7
"1626","G5541-A",7
"1627","G5545-A",9
"1628","G5548-A",9
"1629","G555-A",13
"1630","G5556-A",8
"1631","G5560-A",7
"1632","G5570-A",5
"1633","G5570-B",7
"1634","G5581-A",9
"1635","G5594-A",6
"1636","G5594-B",6
"1637","G5602-A",5
"1638","G562-A",5
"1639","G562-B",13
"1640","G5628-A",7
"1641","G5644-A",12
"1642","G5646-A",13
"1643","G565-A",5
"1644","G565-B",5
"1645","G5651-A",10
"1646","G5658-A",5
"1647","G568-A",5
"1648","G568-B",13
"1649","G5680-A",6
"1650","G5680-B",8
"1651","G5689-A",17
"1652","G5692-A",5
"1653","G5692-B",9
"1654","G5697-A",16
"1655","G5704-A",6
"1656","G5707-A",10
"1657","G5709-A",6
"1658","G5709-B",5
"1659","G571-A",11
"1660","G5710-A",9
"1661","G5721-A",8
"1662","G5729-A",5
"1663","G5732-A",12
"1664","G5756-A",9
"1665","G5757-A",10
"1666","G5769-A",7
"1667","G5776-A",9
"1668","G5777-A",8
"1669","G578-A",5
"1670","G578-B",13
"1671","G579-A",7
"1672","G5793-A",8
"1673","G5795-A",5
"1674","G5797-A",11
"1675","G5800-A",6
"1676","G5800-B",6
"1677","G5812-A",7
"1678","G5816-A",8
"1679","G5817-A",8
"1680","G582-A",5
"1681","G5826-A",11
"1682","G5837-A",10
"1683","G5838-A",13
"1684","G584-A",5
"1685","G5840-A",7
"1686","G5840-B",6
"1687","G5841-A",10
"1688","G5844-A",8
"1689","G5848-A",5
"1690","G585-A",5
"1691","G5850-A",8
"1692","G5851-A",8
"1693","G5853-A",8
"1694","G5854-A",12
"1695","G5855-A",8
"1696","G5861-A",8
"1697","G5863-A",6
"1698","G5869-A",6
"1699","G5870-A",5
"1700","G5873-A",8
"1701","G5875-A",11
"1702","G5881-A",10
"1703","G5892-A",10
"1704","G5897-A",6
"1705","G5898-A",11
"1706","G5904-A",7
"1707","G5907-A",13
"1708","G5908-A",6
"1709","G5912-A",6
"1710","G5913-A",5
"1711","G5921-A",8
"1712","G5922-A",9
"1713","G5927-A",5
"1714","G5928-A",13
"1715","G5929-A",8
"1716","G5931-A",5
"1717","G5940-A",8
"1718","G5946-A",10
"1719","G5948-A",9
"1720","G5950-A",9
"1721","G5960-A",13
"1722","G5965-A",5
"1723","G5975-A",6
"1724","G5980-A",8
"1725","G5984-A",5
"1726","G6004-A",11
"1727","G6004-B",5
"1728","G6005-A",5
"1729","G6008-A",5
"1730","G6014-A",13
"1731","G6016-A",5
"1732","G6027-A",5
"1733","G6031-A",13
"1734","G6033-A",8
"1735","G6035-A",6
"1736","G6037-A",11
"1737","G6038-A",10
"1738","G6041-A",8
"1739","G6044-A",5
"1740","G6060-A",6
"1741","G6061-A",5
"1742","G6064-A",8
"1743","G6066-A",11
"1744","G6071-A",15
"1745","G6077-A",11
"1746","G6079-A",8
"1747","G6082-A",7
"1748","G6083-A",11
"1749","G6084-A",6
"1750","G617-A",7
"1751","G7260-A",14
"1752","G7270-A",7
"1753","G7271-A",12
"1754","G7271-B",5
"1755","G7272-A",23
"1756","G7275-A",13
"1757","G7276-A",11
"1758","G7277-A",13
"1759","G7278-A",14
"1760","G7279-A",24
"1761","G7280-A",6
"1762","G7280-B",13
"1763","G7281-A",13
"1764","G7282-A",13
"1765","G7283-A",10
"1766","G7285-A",5
"1767","G7286-A",13
"1768","G7287-A",8
"1769","G7288-A",13
"1770","G7289-A",13
"1771","G7290-A",13
"1772","G7291-A",7
"1773","G7292-A",13
"1774","G7293-A",20
"1775","G7294-A",24
"1776","G7295-A",13
"1777","G7297-A",13
"1778","G7297-B",5
"1779","G7298-A",14
"1780","G7299-A",10
"1781","G7300-A",6
"1782","G7309-A",5
"1783","G7310-A",5
"1784","G7321-A",16
"1785","G7333-A",10
"1786","G7334-A",12
"1787","G7335-A",5
"1788","G7336-A",12
"1789","G7338-A",18
"1790","G7339-A",12
"1791","G7340-A",13
"1792","G7342-A",16
"1793","G7343-A",29
"1794","G7344-A",15
"1795","G7347-A",7
"1796","G7347-B",12
"1797","G7348-A",8
"1798","G7348-B",16
"1799","G7350-A",10
"1800","G7352-A",5
"1801","G7353-A",11
"1802","G7355-A",19
"1803","G7356-A",10
"1804","G7357-A",24
"1805","G7358-A",25
"1806","G7361-A",20
"1807","G7363-A",17
"1808","G7365-A",18
"1809","G7366-A",9
"1810","G7367-A",7
"1811","G7369-A",23
"1812","G7370-A",6
"1813","G7370-B",18
"1814","G7372-A",18
"1815","G7373-A",13
"1816","G7376-A",13
"1817","G7378-A",15
"1818","G7380-A",18
"1819","G7386-A",16
"1820","G7395-A",5
"1821","G7413-A",13
"1822","G7419-A",9
"1823","G742-A",6
"1824","G7430-A",10
"1825","G7432-A",8
"1826","G7433-A",6
"1827","G7453-A",6
"1828","G7453-B",9
"1829","G7454-A",22
"1830","G7512-A",5
"1831","G7513-A",18
"1832","G7515-A",5
"1833","G7515-B",23
"1834","G7516-A",22
"1835","G7517-A",18
"1836","G7519-A",11
"1837","G7521-A",17
"1838","G7523-A",9
"1839","G7524-A",6
"1840","G7525-A",9
"1841","G7526-A",5
"1842","G7526-B",5
"1843","G7531-A",10
"1844","G7533-A",7
"1845","G7538-A",16
"1846","G7539-A",23
"1847","G7540-A",23
"1848","G7541-A",13
"1849","G7543-A",16
"1850","G7545-A",15
"1851","G7548-A",8
"1852","G7551-A",10
"1853","G7553-A",15
"1854","G7554-A",6
"1855","G7554-B",6
"1856","G7555-A",10
"1857","G7556-A",13
"1858","G7557-A",9
"1859","G7558-A",5
"1860","G7558-B",5
"1861","G7559-A",9
"1862","G7560-A",5
"1863","G7561-A",18
"1864","G7565-A",14
"1865","G7568-A",10
"1866","G7569-A",17
"1867","G7569-B",5
"1868","G7607-A",13
"1869","G7608-A",5
"1870","G7609-A",11
"1871","G7618-A",10
"1872","G7619-A",8
"1873","G7620-A",5
"1874","G7620-B",7
"1875","G7623-A",8
"1876","G7629-A",14
"1877","G7630-A",5
"1878","G7633-A",13
"1879","G7639-A",9
"1880","G7641-A",14
"1881","G7646-A",10
"1882","G7647-A",8
"1883","G7651-A",10
"1884","G7651-B",8
"1885","G7652-A",13
"1886","G7653-A",12
"1887","G7656-A",14
"1888","G7718-A",8
"1889","G7718-B",7
"1890","G7721-A",9
"1891","G7721-B",6
"1892","G7722-A",15
"1893","G7724-A",7
"1894","G7724-B",16
"1895","G7726-A",15
"1896","G7729-A",8
"1897","G7736-A",15
"1898","G7737-A",23
"1899","G7739-A",14
"1900","G7740-A",14
"1901","G7740-B",6
"1902","G7741-A",5
"1903","G7743-A",9
"1904","G7743-B",13
"1905","G7747-A",23
"1906","G7749-A",6
"1907","G7749-B",7
"1908","G7752-A",13
"1909","G7753-A",5
"1910","G7757-A",14
"1911","G7760-A",24
"1912","G7761-A",13
"1913","G7762-A",6
"1914","G7763-A",5
"1915","G7763-B",7
"1916","G7774-A",5
"1917","G7797-A",5
"1918","G7805-A",5
"1919","G7809-A",11
"1920","G7810-A",8
"1921","G7811-A",21
"1922","G7812-A",9
"1923","G7816-A",5
"1924","G7818-A",5
"1925","G7820-A",13
"1926","G7822-A",5
"1927","G7829-A",11
"1928","G7829-B",5
"1929","G7830-A",5
"1930","G7835-A",5
"1931","G7837-A",7
"1932","G7838-A",6
"1933","G7839-A",5
"1934","G7841-A",19
"1935","G7843-A",6
"1936","G7852-A",6
"1937","G7865-A",5
"1938","G7866-A",5
"1939","G7883-A",14
"1940","G7884-A",11
"1941","G7885-A",8
"1942","G7889-A",10
"1943","G7890-A",11
"1944","G7891-A",8
"1945","G7893-A",8
"1946","G7896-A",5
"1947","G7897-A",12
"1948","G7900-A",12
"1949","G7901-A",7
"1950","G7902-A",12
"1951","G7904-A",5
"1952","G7905-A",14
"1953","G7908-A",6
"1954","G7915-A",13
"1955","G7916-A",6
"1956","G7926-A",5
"1957","G7927-A",6
"1958","G7933-A",15
"1959","G7968-A",10
"1960","G7972-A",24
"1961","G7974-A",19
"1962","G7974-B",5
"1963","G7981-A",6
"1964","G7981-B",17
"1965","G7986-A",22
"1966","G7987-A",14
"1967","G7988-A",14
"1968","G7989-A",7
"1969","G7990-A",14
"1970","G7991-A",11
"1971","G7992-A",9
"1972","G7993-A",25
"1973","G7994-A",7
"1974","G7994-B",9
"1975","G7994-C",6
"1976","G7995-A",15
"1977","G7996-A",6
"1978","G7996-B",17
"1979","G7998-A",12
"1980","G7998-B",7
"1981","G8002-A",9
"1982","G8010-A",5
"1983","G8011-A",5
"1984","G8015-A",5
"1985","G8016-A",5
"1986","G8019-A",5
"1987","G8020-A",5
"1988","G8021-A",5
"1989","G8022-A",5
"1990","G8023-A",6
"1991","G8025-A",5
"1992","G805-A",8
"1993","G8063-A",23
"1994","G8069-A",23
"1995","G8073-A",13
"1996","G8074-A",13
"1997","G8075-A",10
"1998","G8076-A",13
"1999","G8077-A",13
"2000","G8078-A",13
"2001","G8079-A",9
"2002","G8081-A",12
"2003","G8082-A",9
"2004","G8084-A",13
"2005","G8086-A",10
"2006","G8088-A",13
"2007","G8089-A",13
"2008","G8090-A",10
"2009","G8092-A",14
"2010","G8093-A",13
"2011","G8095-A",13
"2012","G8096-A",24
"2013","G8101-A",7
"2014","G8102-A",5
"2015","G8106-A",5
"2016","G8118-A",14
"2017","G8119-A",9
"2018","G8123-A",6
"2019","G8124-A",14
"2020","G8125-A",14
"2021","G8126-A",22
"2022","G8131-A",10
"2023","G8135-A",8
"2024","G8164-A",24
"2025","G8169-A",9
"2026","G8174-A",10
"2027","G8180-A",7
"2028","G8181-A",13
"2029","G8181-B",5
"2030","G8182-A",15
"2031","G8183-A",14
"2032","G8184-A",14
"2033","G8186-A",15
"2034","G8187-A",6
"2035","G8187-B",7
"2036","G8188-A",14
"2037","G8189-A",7
"2038","G8191-A",5
"2039","G8191-B",5
"2040","G8191-C",9
"2041","G8205-A",14
"2042","G8215-A",15
"2043","G8247-A",5
"2044","G8247-B",5
"2045","G8247-C",5
"2046","G8250-A",11
"2047","G8255-A",6
"2048","G8255-B",10
"2049","G8258-A",15
"2050","G8259-A",23
"2051","G8260-A",20
"2052","G8261-A",13
"2053","G8262-A",8
"2054","G8263-A",11
"2055","G8265-A",13
"2056","G8266-A",16
"2057","G8266-B",7
"2058","G8267-A",13
"2059","G8269-A",8
"2060","G8272-A",10
"2061","G8273-A",16
"2062","G8274-A",12
"2063","G8275-A",20
"2064","G8276-A",6
"2065","G8281-A",12
"2066","G8283-A",9
"2067","G8284-A",8
"2068","G8286-A",12
"2069","G8286-B",11
"2070","G8290-A",7
"2071","G8290-B",6
"2072","G8292-A",24
"2073","G8293-A",5
"2074","G8294-A",13
"2075","G8295-A",7
"2076","G8297-A",5
"2077","G8299-A",10
"2078","G8300-A",7
"2079","G8300-B",5
"2080","G8301-A",24
"2081","G8304-A",6
"2082","G8304-B",24
"2083","G8305-A",11
"2084","G8308-A",9
"2085","G8308-B",13
"2086","G8310-A",20
"2087","G8314-A",11
"2088","G8318-A",11
"2089","G8322-A",6
"2090","G8322-B",12
"2091","G8323-A",6
"2092","G8323-B",6
"2093","G8324-A",6
"2094","G8325-A",8
"2095","G8327-A",8
"2096","G8328-A",8
"2097","G8328-B",14
"2098","G8333-A",13
"2099","G8374-A",5
"2100","G8375-A",5
"2101","G8380-A",5
"2102","G8381-A",5
"2103","G8382-A",5
"2104","G8385-A",9
"2105","G8386-A",5
"2106","G8398-A",6
"2107","G8398-B",7
"2108","G8402-A",8
"2109","G8408-A",8
"2110","G8409-A",5
"2111","G8410-A",11
"2112","G8411-A",5
"2113","G8416-A",11
"2114","G8420-A",6
"2115","G8436-A",5
"2116","G8438-A",13
"2117","G8439-A",20
"2118","G8439-B",5
"2119","G8440-A",16
"2120","G8447-A",13
"2121","G8453-A",5
"2122","G8455-A",13
"2123","G8457-A",13
"2124","G8459-A",14
"2125","G8462-A",7
"2126","G8462-B",6
"2127","G8468-A",11
"2128","G8500-A",24
"2129","G8503-A",5
"2130","G8504-A",14
"2131","G8504-B",7
"2132","G8508-A",19
"2133","G8509-A",11
"2134","G8509-B",11
"2135","G8510-A",14
"2136","G8511-A",7
"2137","G8519-A",6
"2138","G8523-A",10
"2139","G8528-A",5
"2140","G8528-B",7
"2141","G8553-A",13
"2142","G8554-A",11
"2143","G8554-B",6
"2144","G8556-A",18
"2145","G8559-A",6
"2146","G8564-A",6
"2147","G8565-A",6
"2148","G8567-A",14
"2149","G8568-A",9
"2150","G8568-B",9
"2151","G8569-A",18
"2152","G8576-A",13
"2153","G8579-A",5
"2154","G8614-A",7
"2155","G8614-B",17
"2156","G8616-A",8
"2157","G8617-A",6
"2158","G8619-A",12
"2159","G8620-A",9
"2160","G8626-A",8
"2161","G8626-B",10
"2162","G8626-C",6
"2163","G8630-A",13
"2164","G8632-A",8
"2165","G8632-B",6
"2166","G8633-A",14
"2167","G8634-A",9
"2168","G8637-A",26
"2169","G8641-A",5
"2170","G8642-A",22
"2171","G8643-A",12
"2172","G8647-A",26
"2173","G8648-A",22
"2174","G8649-A",8
"2175","G8649-B",13
"2176","G8654-A",5
"2177","G8655-A",5
"2178","G8657-A",5
"2179","G8658-A",5
"2180","G8664-A",8
"2181","G8673-A",6
"2182","G8674-A",12
"2183","G8675-A",11
"2184","G8676-A",5
"2185","G8679-A",15
"2186","G8683-A",5
"2187","G8684-A",6
"2188","G8685-A",11
"2189","G8687-A",8
"2190","G8688-A",9
"2191","G8688-B",6
"2192","G8690-A",10
"2193","G8692-A",7
"2194","G8694-A",7
"2195","G8695-A",8
"2196","G8696-A",5
"2197","G8700-A",10
"2198","G8701-A",11
"2199","G8702-A",7
"2200","G8703-A",11
"2201","G8704-A",10
"2202","G8705-A",5
"2203","G8706-A",8
"2204","G8707-A",5
"2205","G8714-A",5
"2206","G8715-A",12
"2207","G8717-A",9
"2208","G8718-A",10
"2209","G8719-A",14
"2210","G8719-B",7
"2211","G8721-A",7
"2212","G8724-A",5
"2213","G8725-A",6
"2214","G8734-A",5
"2215","G8759-A",5
"2216","G8821-A",6
"2217","G8828-A",5
"2218","G8830-A",7
"2219","G8832-A",5
"2220","G8832-B",7
"2221","G8833-A",11
"2222","G8834-A",5
"2223","G8836-A",5
"2224","G8837-A",5
"2225","G8839-A",6
"2226","G8840-A",5
"2227","G8841-A",5
"2228","G8842-A",9
"2229","G8843-A",5
"2230","G8845-A",5
"2231","G8846-A",14
"2232","G8847-A",6
"2233","G8847-B",5
"2234","G8848-A",8
"2235","G8850-A",10
"2236","G8854-A",10
"2237","G8856-A",6
"2238","G8857-A",6
"2239","G8858-A",5
"2240","G8859-A",8
"2241","G8860-A",11
"2242","G8861-A",16
"2243","G8862-A",5
"2244","G8863-A",5
"2245","G8863-B",6
"2246","G8864-A",16
"2247","G8865-A",10
"2248","G8866-A",9
"2249","G8867-A",5
"2250","G8869-A",7
"2251","G8869-B",8
"2252","G8870-A",9
"2253","G8874-A",9
"2254","G8874-B",7
"2255","G8875-A",6
"2256","G8875-B",7
"2257","G8878-A",6
"2258","G8881-A",6
"2259","G8882-A",7
"2260","G8883-A",10
"2261","G8885-A",8
"2262","G8886-A",15
"2263","G8887-A",5
"2264","G8887-B",5
"2265","G8888-A",9
"2266","G8888-B",7
"2267","G8889-A",7
"2268","G8890-A",8
"2269","G8891-A",10
"2270","G8892-A",8
"2271","G8892-B",7
"2272","G8893-A",6
"2273","G8894-A",15
"2274","G8896-A",10
"2275","G8896-B",6
"2276","G8898-A",5
"2277","G8899-A",7
"2278","G8899-B",10
"2279","G8903-A",10
"2280","G8907-A",9
"2281","G8908-A",5
"2282","G8909-A",6
"2283","G8915-A",9
"2284","G8917-A",6
"2285","G8918-A",7
"2286","G8918-B",16
"2287","G8919-A",6
"2288","G8921-A",16
"2289","G8924-A",5
"2290","G8925-A",6
"2291","G8925-B",7
"2292","G8926-A",7
"2293","G8927-A",5
"2294","G8928-A",8
"2295","G9066-A",5
"2296","G9128-A",13
"2297","G9128-B",7
"2298","G9129-A",11
"2299","G9144-A",9
"2300","G9152-A",8
"2301","G9158-A",9
"2302","G9162-A",17
"2303","G9163-A",20
"2304","G9165-A",10
"2305","G9166-A",12
"2306","G9168-A",8
"2307","G9174-A",9
"2308","G9177-A",7
"2309","G9190-A",12
"2310","G9196-A",15
"2311","G9196-B",7
"2312","G9206-A",13
"2313","G9210-A",12
"2314","G9224-A",5
"2315","G9235-A",8
"2316","G9239-A",6
"2317","G9240-A",8
"2318","G9244-A",7
"2319","G9245-A",8
"2320","G9248-A",6
"2321","G9249-A",8
"2322","G9251-A",7
"2323","G9260-A",18
"2324","G9261-A",18
"2325","G9262-A",14
"2326","G9269-A",10
"2327","G9272-A",6
"2328","G9275-A",21
"2329","G9276-A",22
"2330","G9278-A",21
"2331","G9286-A",7
"2332","G9289-A",5
"2333","G9296-A",7
"2334","G9298-A",7
"2335","G9310-A",5
"2336","G9311-A",7
"2337","G9312-A",19
"2338","G9312-B",14
"2339","G9313-A",12
"2340","G9314-A",7
"2341","G9315-A",12
"2342","G9316-A",11
"2343","G9317-A",12
"2344","G9326-A",13
"2345","G9327-A",15
"2346","G9327-B",14
"2347","G9328-A",12
"2348","G9329-A",7
"2349","G9329-B",14
"2350","G9330-A",13
"2351","G9333-A",14
"2352","G9339-A",7
"2353","G9340-A",7
"2354","G9342-A",6
"2355","G9344-A",5
"2356","G9345-A",5
"2357","G9345-B",5
"2358","G9346-A",5
"2359","G9346-B",13
"2360","G9347-A",7
"2361","G9348-A",5
"2362","G9349-A",6
"2363","G9350-A",9
"2364","G9351-A",9
"2365","G9352-A",9
"2366","G9354-A",12
"2367","G9357-A",13
"2368","G9358-A",11
"2369","G9363-A",5
"2370","G9364-A",5
"2371","G9365-A",8
"2372","G9366-A",9
"2373","G9366-B",8
"2374","G9367-A",11
"2375","G9371-A",5
"2376","G9378-A",8
"2377","G9379-A",8
"2378","G9382-A",9
"2379","G9384-A",9
"2380","G9385-A",9
"2381","G9387-A",6
"2382","G9388-A",6
"2383","G9388-B",10
"2384","G9389-A",20
"2385","G9390-A",15
"2386","G9391-A",22
"2387","G9392-A",12
"2388","G9392-B",7
"2389","G9393-A",20
"2390","G9396-A",20
"2391","G9398-A",14
"2392","G9407-A",15
"2393","G9408-A",5
"2394","G9412-A",5
"2395","G9413-A",5
"2396","G9416-A",14
"2397","G9418-A",21
"2398","G9419-A",25
"2399","G9421-A",8
"2400","G9422-A",21
"2401","G9423-A",7
"2402","G9426-A",8
"2403","G9429-A",5
"2404","G9432-A",6
"2405","G9437-A",5
"2406","G9439-A",6
"2407","G9439-B",5
"2408","G9441-A",9
"2409","G9443-A",7
"2410","G9444-A",7
"2411","G9450-A",5
"2412","G9452-A",8
"2413","G9454-A",12
"2414","G9455-A",8
"2415","G9456-A",12
"2416","G9460-A",10
"2417","G9461-A",5
"2418","G9462-A",5
"2419","G9463-A",13
"2420","G9464-A",13
"2421","G9466-A",16
"2422","G9467-A",16
"2423","G9468-A",29
"2424","G9473-A",7
"2425","G9473-B",5
"2426","G9476-A",6
"2427","G9476-B",19
"2428","G9477-A",6
"2429","G9477-B",15
"2430","G9478-A",16
"2431","G9479-A",6
"2432","G9479-B",21
"2433","G9481-A",17
"2434","G9484-A",7
"2435","G9484-B",5
"2436","G9484-C",16
"2437","G9486-A",15
"2438","G9487-A",21
"2439","G9488-A",26
"2440","G9489-A",15
"2441","G9490-A",14
"2442","G9491-A",6
"2443","G9491-B",15
"2444","G9492-A",13
"2445","G9494-A",7
"2446","G9495-A",14
"2447","G9496-A",5
"2448","G9497-A",6
"2449","G9498-A",12
"2450","G9498-B",5
"2451","G9500-A",10
"2452","G9500-B",15
"2453","G9502-A",15
"2454","G9503-A",6
"2455","G9503-B",5
"2456","G9505-A",6
"2457","G9505-B",22
"2458","G9507-A",29
"2459","G9508-A",5
"2460","G9508-B",22
"2461","G9509-A",20
"2462","G9510-A",6
"2463","G9510-B",17
"2464","G9511-A",6
"2465","G9514-A",6
"2466","G9515-A",5
"2467","G9515-B",7
"2468","G9516-A",13
"2469","G9518-A",12
"2470","G9518-B",15
"2471","G9519-A",5
"2472","G9520-A",17
"2473","G9522-A",6
"2474","G9523-A",7
"2475","G9523-B",6
"2476","G9524-A",5
"2477","G9524-B",22
"2478","G9526-A",13
"2479","G9526-B",14
"2480","G9527-A",5
"2481","G9527-B",11
"2482","G9528-A",13
"2483","G9529-A",9
"2484","G9529-B",5
"2485","G9530-A",30
"2486","G9531-A",5
"2487","G9531-B",22
"2488","G9532-A",9
"2489","G9532-B",6
"2490","G9533-A",6
"2491","G9533-B",22
"2492","G9535-A",5
"2493","G9535-B",18
"2494","G9536-A",7
"2495","G9537-A",5
"2496","G9538-A",16
"2497","G9539-A",5
"2498","G9541-A",5
"2499","G9541-B",22
"2500","G9542-A",34
"2501","G9544-A",12
"2502","G9544-B",15
"2503","G9548-A",5
"2504","G9548-B",14
"2505","G9549-A",6
"2506","G9549-B",6
"2507","G9550-A",9
"2508","G9551-A",25
"2509","G9552-A",8
"2510","G9555-A",18
"2511","G9558-A",29
"2512","G9561-A",5
"2513","G9561-B",22
"2514","G9562-A",6
"2515","G9562-B",11
"2516","G9564-A",17
"2517","G9564-B",11
"2518","G9565-A",12
"2519","G9566-A",5
"2520","G9566-B",22
"2521","G9568-A",6
"2522","G9568-B",20
"2523","G9569-A",5
"2524","G9569-B",22
"2525","G9570-A",6
"2526","G9570-B",18
"2527","G9571-A",5
"2528","G9571-B",7
"2529","G9572-A",14
"2530","G9573-A",29
"2531","G9574-A",5
"2532","G9575-A",6
"2533","G9575-B",20
"2534","G9576-A",16
"2535","G9578-A",6
"2536","G9578-B",13
"2537","G9583-A",13
"2538","G9584-A",7
"2539","G9586-A",14
"2540","G9589-A",6
"2541","G9589-B",9
"2542","G9589-C",7
"2543","G9590-A",5
"2544","G9590-B",5
"2545","G9591-A",6
"2546","G9591-B",6
"2547","G9591-C",12
"2548","G9592-A",5
"2549","G9593-A",17
"2550","G9594-A",22
"2551","G9594-B",7
"2552","G9595-A",5
"2553","G9596-A",6
"2554","G9597-A",5
"2555","G9599-A",6
"2556","G9600-A",14
"2557","G9601-A",7
"2558","G9602-A",19
"2559","G9608-A",16
"2560","G9609-A",32
"2561","G9610-A",6
"2562","G9610-B",15
"2563","G9612-A",6
"2564","G9613-A",10
"2565","G9614-A",21
"2566","G9615-A",5
"2567","G9615-B",16
"2568","G9616-A",5
"2569","G9617-A",12
"2570","G9618-A",30
"2571","G9619-A",17
"2572","G9620-A",8
"2573","G9620-B",9
"2574","G9622-A",5
"2575","G9622-B",6
"2576","G9623-A",6
"2577","G9624-A",21
"2578","G9626-A",8
"2579","G9626-B",12
"2580","G9627-A",19
"2581","G9629-A",8
"2582","G9630-A",16
"2583","G9631-A",11
"2584","G9631-B",17
"2585","G9632-A",30
"2586","G9633-A",30
"2587","G9634-A",6
"2588","G9635-A",7
"2589","G9635-B",8
"2590","G9638-A",8
"2591","G9638-B",11
"2592","G9639-A",7
"2593","G9639-B",14
"2594","G9640-A",8
"2595","G9640-B",5
"2596","G9641-A",13
"2597","G9642-A",9
"2598","G9642-B",8
"2599","G9643-A",30
"2600","G9644-A",8
"2601","G9644-B",16
"2602","G9645-A",8
"2603","G9645-B",16
"2604","G9646-A",14
"2605","G9649-A",14
"2606","G9650-A",6
"2607","G9651-A",6
"2608","G9652-A",17
"2609","G9654-A",7
"2610","G9656-A",16
"2611","G9657-A",9
"2612","G9657-B",6
"2613","G9658-A",11
"2614","G9659-A",30
"2615","G9661-A",9
"2616","G9662-A",5
"2617","G9662-B",8
"2618","G9663-A",13
"2619","G9664-A",8
"2620","G9665-A",8
"2621","G9665-B",13
"2622","G9666-A",32
"2623","G9669-A",6
"2624","G9670-A",32
"2625","G9673-A",5
"2626","G9673-B",17
"2627","G9674-A",26
"2628","G9675-A",7
"2629","G9676-A",17
"2630","G9677-A",26
"2631","G9678-A",5
"2632","G9678-B",10
"2633","G9679-A",16
"2634","G9680-A",10
"2635","G9681-A",7
"2636","G9681-B",16
"2637","G9684-A",6
"2638","G9685-A",8
"2639","G9685-B",7
"2640","G9687-A",6
"2641","G9687-B",7
"2642","G9688-A",8
"2643","G9690-A",9
"2644","G9690-B",7
"2645","G9692-A",5
"2646","G9692-B",6
"2647","G9694-A",14
"2648","G9694-B",5
"2649","G9697-A",12
"2650","G9698-A",6
"2651","G9699-A",19
"2652","G9699-B",9
"2653","G970-A",6
"2654","G9700-A",20
"2655","G9700-B",9
"2656","G9702-A",22
"2657","G9704-A",6
"2658","G9704-B",12
"2659","G9704-C",9
"2660","G9708-A",10
"2661","G9708-B",9
"2662","G9709-A",6
"2663","G9709-B",5
"2664","G9709-C",9
"2665","G9710-A",8
"2666","G9712-A",7
"2667","G9712-B",5
"2668","G9712-C",9
"2669","G9713-A",6
"2670","G9716-A",6
"2671","G9716-B",9
"2672","G9717-A",9
"2673","G9720-A",5
"2674","G9734-A",9
"2675","G9734-B",5
"2676","G9757-A",7
"2677","G9757-B",6
"2678","G9758-A",5
"2679","G9758-B",6
"2680","G9759-A",5
"2681","G9761-A",8
"2682","G9762-A",7
"2683","G9763-A",12
"2684","G9768-A",5
"2685","G9768-B",17
"2686","G9770-A",6
"2687","G9770-B",17
"2688","G9775-A",5
"2689","G9775-B",15
"2690","G9776-A",5
"2691","G9777-A",5
"2692","G9779-A",5
"2693","G9779-B",14
"2694","G9780-A",6
"2695","G9780-B",7
"2696","G9782-A",12
"2697","G9783-A",5
"2698","G9783-B",17
"2699","G9784-A",9
"2700","G9787-A",7
"2701","G9788-A",7
"2702","G9790-A",8
"2703","G9793-A",14
"2704","G9796-A",8
"2705","G9797-A",6
"2706","G9799-A",5
"2707","G9799-B",6
"2708","G9799-C",9
"2709","G9801-A",23
"2710","G9805-A",12
"2711","G9805-B",9
"2712","G9807-A",9
"2713","G9809-A",7
"2714","G9812-A",5
"2715","G9814-A",6
"2716","G9815-A",11
"2717","G9817-A",6
"2718","G9819-A",6
"2719","G9821-A",7
"2720","G9821-B",9
"2721","G9821-C",6
"2722","G9823-A",6
"2723","G9825-A",9
"2724","G9825-B",7
"2725","G9826-A",5
"2726","G9826-B",9
"2727","G9827-A",7
"2728","G9828-A",7
"2729","G9829-A",5
"2730","G9829-B",8
"2731","G9830-A",7
"2732","G9831-A",9
"2733","G9831-B",7
"2734","G9832-A",22
"2735","G9833-A",14
"2736","G9835-A",12
"2737","G9837-A",5
"2738","G9837-B",18
"2739","G9838-A",6
"2740","G9840-A",10
"2741","G9840-B",9
"2742","G9842-A",5
"2743","G9843-A",5
"2744","G9847-A",9
"2745","G9848-A",17
"2746","G9848-B",8
"2747","G9849-A",10
"2748","G9850-A",5
"2749","G9852-A",5
"2750","G9852-B",12
"2751","G9854-A",5
"2752","G9855-A",9
"2753","G9861-A",8
"2754","G9863-A",5
"2755","G9863-B",6
"2756","G9863-C",10
"2757","G9865-A",6
"2758","G9867-A",8
"2759","G9868-A",5
"2760","G9868-B",5
"2761","G9868-C",9
"2762","G9876-A",9
"2763","G9878-A",5
"2764","G9878-B",9
"2765","G9879-A",9
"2766","G9880-A",5
"2767","G9880-B",18
"2768","G9881-A",8
"2769","G9881-B",5
"2770","G9882-A",10
"2771","G9882-B",8
"2772","G9883-A",15
"2773","G9884-A",6
"2774","G9884-B",5
"2775","G9886-A",9
"2776","G9887-A",26
"2777","G9893-A",8
"2778","G9894-A",5
"2779","G9899-A",5
"2780","G9899-B",11
"2781","G9909-A",14
"2782","G9914-A",12
"2783","G992-A",7
"2784","G9932-A",8
"2785","G9937-A",17
"2786","G9944-A",11
"2787","G9945-A",7
"2788","G9947-A",7
"2789","G9948-A",12
"2790","G9954-A",7
"2791","G9954-B",5
"2792","G9961-A",6
"2793","G9962-A",5
"2794","G9964-A",5
"2795","G9965-A",5
"2796","G9967-A",15
"2797","G9969-A",12
"2798","G9972-A",15
"2799","G9983-A",7
"2800","G9983-B",7
"2801","G9986-A",7
"2802","G9986-B",5
"2803","G9988-A",6
"2804","G9989-A",9
"2805","G9991-A",9
"2806","G9991-B",7
"2807","G9992-A",13
"2808","G9993-A",17
"2809","G9996-A",7
"2810","G9996-B",5
"2811","G9997-A",7
"2812","G9997-B",5
"2813","G9998-A",6
